company,title,href
(주)올위메이크이즈,[아키클래식] 웹디자이너 채용 (주36시간) (1년계약직),/zf_user/jobs/relay/view?view_type=list&rec_idx=54104572&adsCategoryItem=effect_bold&
(주)리드넘버,"[리드넘버]JAVA 백엔드 개발자 채용 (신입 기준 연 3,800)",/zf_user/jobs/relay/view?view_type=list&rec_idx=54113046
동성인재개발교육원,해양수도부산 물류무역 취업특화 교육생 모집,/zf_user/jobs/relay/view?view_type=list&rec_idx=54044823&adsCategoryItem=effect_bold&
주식회사 파르크랩,"2026년 하반기 백엔드/서버개발, 웹개발, 앱개발 경력직 모집",/zf_user/jobs/relay/view?view_type=list&rec_idx=54112749
(주)위즈코리아,㈜위즈코리아 '26년 상반기 정기 채용 신입/경력 사원 모집,/zf_user/jobs/relay/view?view_type=list&rec_idx=53770389&adsCategoryItem=effect_bold&
(주)씨아이테크,2026년 상반기 각 부문별 신입 및 경력 채용,/zf_user/jobs/relay/view?view_type=list&rec_idx=53861623&adsCategoryItem=effect_bold&
(주)에스테이트,[일경험]인턴형 참여자 모집 (경영사무/마케팅/IT개발/인사/사서),/zf_user/jobs/relay/view?view_type=list&rec_idx=54016722
(주)성원아이북랜드,[강남본사] 각 부문 신입/경력직 채용,/zf_user/jobs/relay/view?view_type=list&rec_idx=54048753&adsCategoryItem=effect_bold&
(재)만불회,각 부문별 채용,/zf_user/jobs/relay/view?view_type=list&rec_idx=53955067&adsCategoryItem=effect_bold&
(주)아이샵케어,토스플레이스 자회사 [iShopCARE] 대규모 채용｜ CX·마케팅·영업·개발·보안·운영 外,/zf_user/jobs/relay/view?view_type=list&rec_idx=54013556&adsCategoryItem=effect_bold&
(주)아이티윌,[채용연계형] Oracle DBA 실무 프로젝트 및 취업연계 과정,/zf_user/jobs/relay/view?view_type=list&rec_idx=54072849
(주)앱솔브랩,[셀리맥스] 공식몰 개발자 경력 채용,/zf_user/jobs/relay/view?view_type=list&rec_idx=54076710
옆커폰(주),[본사] 부서별 채용,/zf_user/jobs/relay/view?view_type=list&rec_idx=53922290
(주)아크루즈,Java&웹개발자 채용 공고,/zf_user/jobs/relay/view?view_type=list&rec_idx=54110515
(주)에이블아이앤씨,PL급 전자정부프레임워크 기반 웹 풀스택 개발자 (8-12년) 채용,/zf_user/jobs/relay/view?view_type=list&rec_idx=53581725
(주)비전브이아이텍,"[웹개발] 경력,신입사원(JAVA)정직원을 모집 함.",/zf_user/jobs/relay/view?view_type=list&rec_idx=53867939
(주)제스트씨엔에스,SI/SM 웹개발 및 운영 신입 채용 공고,/zf_user/jobs/relay/view?view_type=list&rec_idx=54107467
(주)진성티이씨,㈜진성티이씨 각 부문별 신입/경력 채용,/zf_user/jobs/relay/view?view_type=list&rec_idx=54079234
(주)에스제이글로벌,의료기기 제조회사 웹/앱개발자,/zf_user/jobs/relay/view?view_type=list&rec_idx=53980432
(주)나루데이타,[정규직] 웹 개발자 모집 (경력),/zf_user/jobs/relay/view?view_type=list&rec_idx=54077601
없음,없음,없음
주식회사 스타랩스,[스타랩스] PHP 개발자 초/중/고/특급 채용,/zf_user/jobs/relay/view?view_type=list&rec_idx=54000603
주식회사 스타랩스,[스타랩스] Web개발 경력자 채용,/zf_user/jobs/relay/view?view_type=list&rec_idx=53890670
주식회사 스타랩스,[스타랩스] 웹개발자 초/중/고/특급 채용,/zf_user/jobs/relay/view?view_type=list&rec_idx=54092575
(주)마켓링크,마켓링크와 함께 일할 경력 개발자 모집,/zf_user/jobs/relay/view?view_type=list&rec_idx=54004502
(주)마이즈,[경력] 마이즈 웹/앱 BackEnd 개발팀 3년 이상 (경력자),/zf_user/jobs/relay/view?view_type=list&rec_idx=53942582
(주)마이즈,[경력] 마이즈 웹/앱 FrontEnd 개발팀 3년 이상 (경력자),/zf_user/jobs/relay/view?view_type=list&rec_idx=53942571
(주)트위니,[로봇개발본부] 자율주행로봇 시스템 엔지니어 채용,/zf_user/jobs/relay/view?view_type=list&rec_idx=54102238
삼성중공업(주),스마트조선소 AI전문가 양성과정 모집,/zf_user/jobs/relay/view?view_type=list&rec_idx=53970983
(주)아티젠스페이스,[아티젠스페이스] 각 부문 신입/경력 모집,/zf_user/jobs/relay/view?view_type=list&rec_idx=54025208
(주)쎄트렉아이,쎄트렉아이 경력/계약직 수시 채용,/zf_user/jobs/relay/view?view_type=list&rec_idx=54027071
(주)싸이몬,싸이몬 2026년 상반기 공개 채용,/zf_user/jobs/relay/view?view_type=list&rec_idx=53900100
(주)엠아이디,[엠아이디] 2026 신입/경력 수시 채용,/zf_user/jobs/relay/view?view_type=list&rec_idx=54060030
(주)넥슨코리아,[플랫폼본부] 게임웹개발실 웹 프론트엔드 엔지니어 (계약직),/zf_user/jobs/relay/view?view_type=list&rec_idx=54086496
(주)안랩,[안랩] 2026 연구소 집중 채용,/zf_user/jobs/relay/view?view_type=list&rec_idx=54076392
제이에스엘인재개발원(주),AI 활용 클라우드 기반 웹 개발자 양성과정 2기 연수생 모집,/zf_user/jobs/relay/view?view_type=list&rec_idx=54041075
(주)로아스,[ROAS] 로봇 소프트웨어 엔지니어,/zf_user/jobs/relay/view?view_type=list&rec_idx=53968374
㈜아이디노,[웹개발] 아이디노와 함께할 능력있는 인재 모집,/zf_user/jobs/relay/view?view_type=list&rec_idx=54088708
(주)크리스아이티,크리스아이티에서 Java·Python 웹개발 담당자를 찾고 있어요,/zf_user/jobs/relay/view?view_type=list&rec_idx=54086907
(주)이웃,[대전]공공 교통안전 시스템 구축 관련 웹/백엔드 경력 개발,/zf_user/jobs/relay/view?view_type=list&rec_idx=54084738
주식회사레디올소프트,"(주)레디올소프트 백엔드 웹개발자(깃허브,포트폴리오 제출필수)",/zf_user/jobs/relay/view?view_type=list&rec_idx=54080651
원업크리에이티브,[울산] 웹개발자(PHP) 채용 AI SEO 자동화 프로젝트 참여,/zf_user/jobs/relay/view?view_type=list&rec_idx=54080182
(주)비트플래닛,[코스닥 상장사] 대구지사 백엔드/웹개발 개발자 채용,/zf_user/jobs/relay/view?view_type=list&rec_idx=54078500
(주)와이디엔에스,"[웹개발] 웹 개발자(Java, JSP) 경력자 및 신입 모집",/zf_user/jobs/relay/view?view_type=list&rec_idx=54077921
(주)오퍼스케이,오퍼스케이 웹개발(SM) 경력 채용,/zf_user/jobs/relay/view?view_type=list&rec_idx=54077576
(주)새한정보,신한카드 웹서버 파트 개발 및 운영 -SM,/zf_user/jobs/relay/view?view_type=list&rec_idx=54075935
(주)우리아이시티,(주)우리ICT Java/JSP Web 개발자 모집 (신입/경력),/zf_user/jobs/relay/view?view_type=list&rec_idx=54075721
(주)에스제이테크놀로지,"웹개발자 모집 (Java, Spring )",/zf_user/jobs/relay/view?view_type=list&rec_idx=54074771
주식회사 칸정보기술,"C#, Python 개발자 채용",/zf_user/jobs/relay/view?view_type=list&rec_idx=54073336
(주)온앤미,[온앤미] AI 서비스기획/개발/운영 통합 담당자 채용,/zf_user/jobs/relay/view?view_type=list&rec_idx=54073293
(주)유니쿼스,(일본어필수) 26년 3분기 Java (Script) 웹개발자 채용 (신입),/zf_user/jobs/relay/view?view_type=list&rec_idx=54072766
(주)차바이오텍,[차바이오텍] IT사업본부 개발팀 웹개발자 모집,/zf_user/jobs/relay/view?view_type=list&rec_idx=53784916
(주)엠투피아이,PHP 웹개발자 채용(경력3~5년),/zf_user/jobs/relay/view?view_type=list&rec_idx=54043131
(주)엠투피아이,PHP 웹개발자 채용(경력6~8년),/zf_user/jobs/relay/view?view_type=list&rec_idx=54043110
(주)메인라인,Web개발자 채용(강원도 원주 근무),/zf_user/jobs/relay/view?view_type=list&rec_idx=54062172
(주)아이티앤,주식회사 아이티앤 웹개발자 경력직 채용,/zf_user/jobs/relay/view?view_type=list&rec_idx=54060302
(주)굿인벤트,[정규직-여의도] 기획개발팀 웹개발자 경력자 모집,/zf_user/jobs/relay/view?view_type=list&rec_idx=54058887
(주)대흥정보,[대흥정보] 웹개발자(Full stack) 경력 채용,/zf_user/jobs/relay/view?view_type=list&rec_idx=53808371
(주)지에스엔씨,주식회사 지에스엔씨 웹 개발자 경력 채용,/zf_user/jobs/relay/view?view_type=list&rec_idx=54057506
(주)브라이센코리아,웹(Java/Vue/Spring) 개발 운영 업무 (경력),/zf_user/jobs/relay/view?view_type=list&rec_idx=54055214
(주)한국정보통계,[개발팀] 웹개발자 모집,/zf_user/jobs/relay/view?view_type=list&rec_idx=54049106
제이린의원,[제이린의원] 웹개발자 채용,/zf_user/jobs/relay/view?view_type=list&rec_idx=54049010
(주)헥코리아,수자원 분야 시스템개발실 웹개발자 - 경력직 공개채용,/zf_user/jobs/relay/view?view_type=list&rec_idx=54048502
(주)이비엠,[서울/교대역] (주)이비엠 개발자 경력 모집,/zf_user/jobs/relay/view?view_type=list&rec_idx=54047984
(주)다원씨아이에스,"[신입, 경력] JAVA 웹개발 정규직 채용 (SI / SM)",/zf_user/jobs/relay/view?view_type=list&rec_idx=54047929
(주)타라티.피.에스,"웹개발(툴디플랫폼,에디터)",/zf_user/jobs/relay/view?view_type=list&rec_idx=54047432
(주)엠브이소프텍,Java/eGovFrame/웹개발 정규직 경력 개발자 모집,/zf_user/jobs/relay/view?view_type=list&rec_idx=54047399
(주)비케이브,[비케이브] AX 백엔드·데이터 엔지니어 경력채용,/zf_user/jobs/relay/view?view_type=list&rec_idx=53752057
아이티스코,SW개발/웹개발자 채용-스마트공장구축솔루션(신입/경력),/zf_user/jobs/relay/view?view_type=list&rec_idx=54043822
템프인(주),[구로/연봉협의/정규직]유명기업 웹개발 경력직 다수 채용,/zf_user/jobs/relay/view?view_type=list&rec_idx=54043453
(주) 지에이파트너스,(주)GA파트너스에서 웹 개발자(신입 및 경력) 모집합니다,/zf_user/jobs/relay/view?view_type=list&rec_idx=54043333
(주)누리앱,[웹개발] JAVA 신입 개발자 (SI/SM팀),/zf_user/jobs/relay/view?view_type=list&rec_idx=54040844
(주)디오티스,IT 강소기업 웹개발(SM) 경력 채용,/zf_user/jobs/relay/view?view_type=list&rec_idx=54040546
주식회사 싱크핏,[부산] PHP 웹프로그래머 모집 공고,/zf_user/jobs/relay/view?view_type=list&rec_idx=54040507
NEZOT주식회사,[일본]NEZOT 주식회사 웹개발자 프로그래머 모집,/zf_user/jobs/relay/view?view_type=list&rec_idx=54038469
(주)렉시스교육,[렉시스에듀케이션] 프론트엔드 웹 개발자 채용,/zf_user/jobs/relay/view?view_type=list&rec_idx=54037485
(주)타이거씨엔에스,[웹개발] 프론트엔드 개발자,/zf_user/jobs/relay/view?view_type=list&rec_idx=54036478
(주)감자소프트,"[경력무관] java 도서관 시스템 웹 개발 SI,SM - 정규직,계약직",/zf_user/jobs/relay/view?view_type=list&rec_idx=54034631
(주)유비즈,[신입/경력] Smart Factory / MES 솔루션 개발자 및 PM,/zf_user/jobs/relay/view?view_type=list&rec_idx=53679175
(주)마젠타로보틱스,주식회사 마젠타로보틱스 SW개발자,/zf_user/jobs/relay/view?view_type=list&rec_idx=54028583
(주)트랜스코스모스코리아,[트랜스코스모스] 당사 CX개발부 개발자 모집 (신입가능),/zf_user/jobs/relay/view?view_type=list&rec_idx=53902161
주식회사 로보다인시스템,AIoT교육플랫폼 웹개발 풀스택 개발자 채용,/zf_user/jobs/relay/view?view_type=list&rec_idx=54025108
(주)웹모아,[웹 에이전시] 웹 개발자(PHP / ASP) 채용 (희망연봉 필수기재),/zf_user/jobs/relay/view?view_type=list&rec_idx=53886969
(주)브레인데크,Senior Frontend (SDK & Plugin) Engineer,/zf_user/jobs/relay/view?view_type=list&rec_idx=54022763
(주)위치스,(주)위치스 경력 웹개발자(과장·차장급) 채용 공고 (서울),/zf_user/jobs/relay/view?view_type=list&rec_idx=54014988
(주)위치스,(주)위치스 경력 웹개발자(과장·차장급) 채용 공고 (광주),/zf_user/jobs/relay/view?view_type=list&rec_idx=54014951
(주)브로드씨엔에스,(주35시간) AI Cloud Service 웹개발자 경력직 채용,/zf_user/jobs/relay/view?view_type=list&rec_idx=54010084
(주)핑거,[핑거] 서비스 개발 및 운영 담당자 채용 (경력 6년 이상),/zf_user/jobs/relay/view?view_type=list&rec_idx=54009549
(주)반프,Frontend Engineer,/zf_user/jobs/relay/view?view_type=list&rec_idx=54004050
(주)이트라이브,쇼핑몰 운영 개발인력 정규직채용(개발PL 및 운영개발자),/zf_user/jobs/relay/view?view_type=list&rec_idx=54003994
(주)미투유코리아,[웹개발] IT 신입/경력 개발자 채용,/zf_user/jobs/relay/view?view_type=list&rec_idx=54003963
(주)케이지파이낸셜,[KG파이낸셜] 백오피스 및 웹사이트 개발자 경력 채용,/zf_user/jobs/relay/view?view_type=list&rec_idx=54002570
(주)되고시스템,[웹개발] JAVA 풀스택 개발자 경력 정규직 채용,/zf_user/jobs/relay/view?view_type=list&rec_idx=53959704
(주)웨이브,웹 개발자(JAVA) 정규직 경력 사원 채용 [서울 강남구],/zf_user/jobs/relay/view?view_type=list&rec_idx=54001836
(주)제트카,장기렌트카 ERP / 웹 풀스택 개발자 채용,/zf_user/jobs/relay/view?view_type=list&rec_idx=54000776
(주)디엠테크솔루션,(주)디엠테크솔루션 (본사) 웹개발자 경력직 채용,/zf_user/jobs/relay/view?view_type=list&rec_idx=54000559
이크론소프트,IT개발·데이터(웹개발&프론트엔드&백엔드) 채용,/zf_user/jobs/relay/view?view_type=list&rec_idx=53999689
(주)아랑소프트,[아랑소프트]SI개발&웹개발&백엔드/서버개발 외 정규직 채용,/zf_user/jobs/relay/view?view_type=list&rec_idx=53999453
위캔소프트,"웹개발(JAVA,JSP) 채용합니다.",/zf_user/jobs/relay/view?view_type=list&rec_idx=53991054
(주)이안에스아이티,"웹 개발/관리 (Web 개발, 경력 채용 공고)",/zf_user/jobs/relay/view?view_type=list&rec_idx=53989817
씨이엔코퍼레이션(주),웹개발 / 모바일 앱개발/정규직 개발자,/zf_user/jobs/relay/view?view_type=list&rec_idx=53989148
(주)블루비즈넷,[웹개발] JAVA 개발 및 운영 정규직 신입,/zf_user/jobs/relay/view?view_type=list&rec_idx=53967304
(주)트위니,[로봇개발본부] 로봇 및 서버 소프트웨어 C++ 개발자 채용,/zf_user/jobs/relay/view?view_type=list&rec_idx=53982351
재단법인 사마리안퍼스코리아,Web Development Specialist(워드프레스/이커머스 운영 및 개발),/zf_user/jobs/relay/view?view_type=list&rec_idx=53768709
주식회사 주한원,TypeScript 기반 풀스택 개발자 모집 채용공고,/zf_user/jobs/relay/view?view_type=list&rec_idx=53941648
(주)플레이스토리,"개발자 - AI활용 / Spring Boot,FastAPI",/zf_user/jobs/relay/view?view_type=list&rec_idx=53977920
웨이즈원(주),[웨이즈원(주)] Full Stack 웹개발자 채용,/zf_user/jobs/relay/view?view_type=list&rec_idx=53972011
(주)와이코퍼레이션,(경력) 웹개발 정규직 채용 공고,/zf_user/jobs/relay/view?view_type=list&rec_idx=53971839
(주)와이코퍼레이션,(신입/경력) 웹개발 정규직 채용 공고,/zf_user/jobs/relay/view?view_type=list&rec_idx=53971757
(주)클로닉스,웹 개발자 채용,/zf_user/jobs/relay/view?view_type=list&rec_idx=53968525
(주)이데아인포,[대전유망중소기업] 웹개발자 채용공고(정규직),/zf_user/jobs/relay/view?view_type=list&rec_idx=53959616
(주)지엠코퍼레이션,[웹개발] 공공 프로젝트 개발자 채용 공고,/zf_user/jobs/relay/view?view_type=list&rec_idx=53954891
(주)레드소프트,(주)레드소프트 JAVA 솔루션/웹개발 유지보수 경력사원 모집,/zf_user/jobs/relay/view?view_type=list&rec_idx=53954575
에이블컴(주),웹개발자(고급) 프리랜서 채용공고,/zf_user/jobs/relay/view?view_type=list&rec_idx=53947678
(주)채움씨앤아이,서울지역 업무용시스템(S/W) 유지운영 상주 업무 담당자 채용,/zf_user/jobs/relay/view?view_type=list&rec_idx=53947020
(주)상공,[정규직] 경력 PHP 개발자 모집합니다,/zf_user/jobs/relay/view?view_type=list&rec_idx=53945623
㈜어빌리티시스템즈,SI 개발사업 PL/PM채용,/zf_user/jobs/relay/view?view_type=list&rec_idx=53943507
(주)애드쿠아인터렉티브,[ADQUA] Java 백엔드 웹개발자(3년이상 팀원),/zf_user/jobs/relay/view?view_type=list&rec_idx=53942418
한국전자입찰연구소,AI 개발 경력자 모집,/zf_user/jobs/relay/view?view_type=list&rec_idx=53941642
(주)에스더블유엠,[SWM] 스마트사업부 Web App 개발자 모집,/zf_user/jobs/relay/view?view_type=list&rec_idx=53623281
케이저(주),[팁스/창도패/글로벌IP스타/CES혁신상] UX/프론트엔드 개발자,/zf_user/jobs/relay/view?view_type=list&rec_idx=53741122
"주식회사리커브(RECURVECo.,Ltd.)",주식회사리커브 마케팅+개발 경력직 채용,/zf_user/jobs/relay/view?view_type=list&rec_idx=53830295
(주)비케이브,[비케이브] IT팀 ERP 시스템 구축·운영 담당자 경력채용,/zf_user/jobs/relay/view?view_type=list&rec_idx=53649579
(주)온피아,웹개발자 채용(Spring/Spring Boot),/zf_user/jobs/relay/view?view_type=list&rec_idx=53922185
나이스비즈니스플랫폼(주),NICE비즈니스플랫폼(주) 웹개발 경력직 채용,/zf_user/jobs/relay/view?view_type=list&rec_idx=53920855
(주)에이앤티솔루션,[분당] 통신사 웹개발 (JAVA개발) 채용,/zf_user/jobs/relay/view?view_type=list&rec_idx=53918495
(주)멸치,[최상위 연봉] (주)멸치 웹개발(프론트/백) 리더급,/zf_user/jobs/relay/view?view_type=list&rec_idx=53916011
(주)다올플러스,[웹개발] 웹 개발자 계약직 모집(신입/경력),/zf_user/jobs/relay/view?view_type=list&rec_idx=53909151
(주)씨에이플래닛,(주)씨에이플래닛 웹개발자 모집,/zf_user/jobs/relay/view?view_type=list&rec_idx=53886183
(주)지산소프트,(경력) 개발PM/웹개발/SI개발 정규직 모집 공고,/zf_user/jobs/relay/view?view_type=list&rec_idx=53904181
(주)피봇브릿지,웹개발자-경력직,/zf_user/jobs/relay/view?view_type=list&rec_idx=53902802
산일전기(주),[DX] 웹개발 및 AI응용 개발자 모집,/zf_user/jobs/relay/view?view_type=list&rec_idx=53899530
(주)위즈팩토리,웹 솔루션 개발 경력직을 모집합니다.,/zf_user/jobs/relay/view?view_type=list&rec_idx=53578722
(주)트랜스코스모스코리아,[트랜스코스모스코리아] CX개발부 신입/경력 개발자 채용 Mr4Z,/zf_user/jobs/relay/view?view_type=list&rec_idx=53890388
(주)서준지엘에스,"백엔드,UXUI디자인,영업사원(육상운송관련),TM,고객상담사모집",/zf_user/jobs/relay/view?view_type=list&rec_idx=53884781
코아스,코아스 부분별 채용(디자이너/웹 개발/마케팅),/zf_user/jobs/relay/view?view_type=list&rec_idx=53817565
(주)보다나은,주식회사보다나 부문별 채용 소프트웨어개발/마케팅/웹개발,/zf_user/jobs/relay/view?view_type=list&rec_idx=53879673
제이에스엘인재개발원(주),AI 활용 클라우드 기반 웹 개발자 양성과정 1기 연수생 모집,/zf_user/jobs/relay/view?view_type=list&rec_idx=53744750
티디컴퍼니,병원 웹·콘텐츠 제작 웹개발자 모집,/zf_user/jobs/relay/view?view_type=list&rec_idx=53879151
티디컴퍼니,티디컴퍼니 웹퍼블리셔·웹개발자 경력 채용 공고(메디컬 마케팅),/zf_user/jobs/relay/view?view_type=list&rec_idx=53877805
(주)웰파인,(주)웰파인 각 분야 공개 채용,/zf_user/jobs/relay/view?view_type=list&rec_idx=53589614
(주)메트릭스,웹개발자 채용,/zf_user/jobs/relay/view?view_type=list&rec_idx=53862325
엔피에스시스템(주),웹개발(Front-End) 경력직 모집,/zf_user/jobs/relay/view?view_type=list&rec_idx=53856609
(주)와이티,SI 개발 경력직 채용[PM/PL급/정규직],/zf_user/jobs/relay/view?view_type=list&rec_idx=53852806
(주)쿨스,[ICT사업부] 프론트/백엔드/챗봇/인공지능 웹개발자 정규직 채용,/zf_user/jobs/relay/view?view_type=list&rec_idx=53852365
(주)고려소프트웨어,웹개발 PL 채용 (공공 SI / JAVA / 8년이상),/zf_user/jobs/relay/view?view_type=list&rec_idx=53851861
(주)코드넛,[신입/경력] 코드넛과 함께 성장할 프론트개발자 구인,/zf_user/jobs/relay/view?view_type=list&rec_idx=53849558
(주)제이투모로우원,웹 시스템 개발 및 연구개발,/zf_user/jobs/relay/view?view_type=list&rec_idx=53847286
크리스피드(주),"2026년 2기 웹개발, Java 신입사원 채용",/zf_user/jobs/relay/view?view_type=list&rec_idx=53844563
한길씨앤씨(주),JAVA 웹 개발자 채용,/zf_user/jobs/relay/view?view_type=list&rec_idx=53815711
(주)오프리메드,2026년 (주)오프리메드 웹 풀스택 개발자 공개채용,/zf_user/jobs/relay/view?view_type=list&rec_idx=53822801
(주)바이텍정보통신,"에너지 플랫폼 개발(AI, 웹개발, 솔루션) 경력직 채용",/zf_user/jobs/relay/view?view_type=list&rec_idx=53809128
(주)에스더블유헬스케어,[SW헬스케어]건강기능식품 IT 웹개발자 모집,/zf_user/jobs/relay/view?view_type=list&rec_idx=53803140
아트트리아카데미학원,[아트트리아카데미/스튜디오] 홈페이지 제작 풀스택 개발자,/zf_user/jobs/relay/view?view_type=list&rec_idx=53776499
(주)스데반정보,웹 개발자(AI) 신입 및 경력 채용,/zf_user/jobs/relay/view?view_type=list&rec_idx=53758781
(주)코아아이티,코아아이티 웹개발자 채용합니다.,/zf_user/jobs/relay/view?view_type=list&rec_idx=53719956
(주)아이웹,AI활용 웹디자인(퍼블리셔) 개발자를 모집합니다.(신입/경력),/zf_user/jobs/relay/view?view_type=list&rec_idx=53697499
디제이패밀리 (DJ FAMILY),"Back-End, Front-End 웹개발자 상시채용",/zf_user/jobs/relay/view?view_type=list&rec_idx=53690966
(주)위즈팩토리,웹개발 경력직(프리랜서) 인력풀 등록,/zf_user/jobs/relay/view?view_type=list&rec_idx=53673790
(주)체스트넛,대전/세종/전주/부산/광주 지방 웹개발 경력자 찾습니다.,/zf_user/jobs/relay/view?view_type=list&rec_idx=53632235
(주)아이타이쿤,2026년 상반기 아이타이쿤 개발자 채용(정규직-과장급),/zf_user/jobs/relay/view?view_type=list&rec_idx=53621541
(주)블루비즈,솔루션 웹개발 경력자 모집 (창원),/zf_user/jobs/relay/view?view_type=list&rec_idx=53612549
레이팩트,함께할 자바 웹개발자를 찾습니다. (경력),/zf_user/jobs/relay/view?view_type=list&rec_idx=53600700
(주)플래티어,[IDT사업부문] 아틀라시안 솔루션 엔지니어,/zf_user/jobs/relay/view?view_type=list&rec_idx=53998781&adsCategoryItem=effect_bold&
(주)인텍에프에이,2026 상반기 각 부문 신입 및 경력사원 채용,/zf_user/jobs/relay/view?view_type=list&rec_idx=53643008
(주)우남건설,건축/토목/CS/인사총무/개발자/증권트레이너/농작인,/zf_user/jobs/relay/view?view_type=list&rec_idx=54046267&adsCategoryItem=effect_bold&
(주)컨텍터스,[둥지-개발팀장] 총괄 앱/웹 개발자 경력직 채용,/zf_user/jobs/relay/view?view_type=list&rec_idx=54049452&adsCategoryItem=effect_bold&
(주)벨아이앤에스,[종근당 전산실] SAP SD 운영 업무 정규직 채용,/zf_user/jobs/relay/view?view_type=list&rec_idx=54102793&adsCategoryItem=effect_bold&
(주)나라스페이스테크놀로지,[NARA SPACE] 각 부문별 직원모집,/zf_user/jobs/relay/view?view_type=list&rec_idx=50846359&adsCategoryItem=effect_bold&
(주)에이치에스씨엠티,"각 부문 경력/신입 모집 (영업,영업기획,품질관리,백엔드개발)",/zf_user/jobs/relay/view?view_type=list&rec_idx=54072725&adsCategoryItem=effect_bold&
한양이엔지(주),부문별 수시채용 직원모집,/zf_user/jobs/relay/view?view_type=list&rec_idx=54041964&adsCategoryItem=effect_bold&
파크시스템스(주),2026 각 부문 신입/경력 수시채용,/zf_user/jobs/relay/view?view_type=list&rec_idx=53660011&adsCategoryItem=effect_bold&
(주)엔키화이트햇,[엔키화이트햇] OFFen 개발팀-DevOps 엔지니어,/zf_user/jobs/relay/view?view_type=list&rec_idx=54102183
(사)한국기술사업화진흥협회,[숙소 제공]대기업 현직자와 함께하는 빅데이터 실무,/zf_user/jobs/relay/view?view_type=list&rec_idx=53819934&adsCategoryItem=effect_bold&
메디포스트(주),전산팀 경력 채용,/zf_user/jobs/relay/view?view_type=list&rec_idx=53957449&adsCategoryItem=effect_bold&
(주)엔젤로보틱스,2026 엔젤로보틱스 각 분야 채용 공고 (전문연구요원 가능),/zf_user/jobs/relay/view?view_type=list&rec_idx=54029894&adsCategoryItem=effect_bold&
(주)에이아이매틱스,[에이아이매틱스] 웹서비스기획자 채용,/zf_user/jobs/relay/view?view_type=list&rec_idx=54092370&adsCategoryItem=effect_bold&
(주)솔탑,[솔탑] 2026년 위성·항공·경영 분야 부문별 신입/경력 채용,/zf_user/jobs/relay/view?view_type=list&rec_idx=54063147&adsCategoryItem=effect_bold&
(주)텔몬,디자인(웹디자인/상세페이지外 1개 부문) 채용,/zf_user/jobs/relay/view?view_type=list&rec_idx=54112691
주식회사 돔봄,웹페이지 홈페이지 상세페이지 웹디자인 퍼플리셔,/zf_user/jobs/relay/view?view_type=list&rec_idx=54112673
체인팜 주식회사,Back-end Engineer [경력],/zf_user/jobs/relay/view?view_type=list&rec_idx=54112632
메가존클라우드(주),Application Architect,/zf_user/jobs/relay/view?view_type=list&rec_idx=54045012
프로소프트,웹 개발자 경력/신입 구인,/zf_user/jobs/relay/view?view_type=list&rec_idx=54112358
모드니사회적협동조합,"버거킹 CRM시스템 웹시스템 기능개선 /Jsp, Java, API / 중급",/zf_user/jobs/relay/view?view_type=list&rec_idx=54112149
(주)티엔글로벌,(주)티엔글로벌과 함께할 nexacro 개발자를 찾고 있어요,/zf_user/jobs/relay/view?view_type=list&rec_idx=53791235
(주)네오티스,기업부설연구소 중급 개발자 모집합니다.,/zf_user/jobs/relay/view?view_type=list&rec_idx=53604218
(주)디퍼아이,디퍼아이 RTL 설계 및 FPGA 검증 엔지니어 채용,/zf_user/jobs/relay/view?view_type=list&rec_idx=54111520
(주)바능,[ 프리랜서 중급 - 이천 ] JAVA/JSP 개발자 구인,/zf_user/jobs/relay/view?view_type=list&rec_idx=54111415
에이치에스소프트(주),[부산지사] Web System/Platform Tech Lead 채용,/zf_user/jobs/relay/view?view_type=list&rec_idx=54111369
(주)와이즈캔,(주)와이즈캔 - AI 및 Python 개발자 채용,/zf_user/jobs/relay/view?view_type=list&rec_idx=54088123
전문건설공제조합,2026년 하반기 직원 채용 공고,/zf_user/jobs/relay/view?view_type=list&rec_idx=54092612
주식회사 셈웨어,[셈웨어] 백엔드 개발자 채용,/zf_user/jobs/relay/view?view_type=list&rec_idx=54071635
(주)에스비티글로벌,(주)에스비티글로벌에서 세일즈포스 개발자 전문가를 찾고 있어요,/zf_user/jobs/relay/view?view_type=list&rec_idx=54110951
이브이시스(주),[EVSIS] EVC융합팀 UI/UX개발 경력채용,/zf_user/jobs/relay/view?view_type=list&rec_idx=54110950
넥스트레벨스튜디오,[경력] Product Engineer(프로덕트 엔지니어) 채용,/zf_user/jobs/relay/view?view_type=list&rec_idx=54110875
(주)라온텍,[코스닥]라온텍 마이크로디스플레이 공정 개발 엔지니어 채용,/zf_user/jobs/relay/view?view_type=list&rec_idx=54027279
(주)옥토앱시스,자동차 관련 서비스 백엔드/서버 개발자 채용,/zf_user/jobs/relay/view?view_type=list&rec_idx=54110817
옆커폰(주),[본사] 개발팀 Product Engineer 채용,/zf_user/jobs/relay/view?view_type=list&rec_idx=53933798
(주)제이원소프트,"[신입] 스마트팩토리 솔루션 개발자 모집/C#,WPF,JavaScript",/zf_user/jobs/relay/view?view_type=list&rec_idx=54110657
(주)더블유쇼핑,[W-Shopping] 홈쇼핑MD/E-커머스/품질보증/IT 부문 채용,/zf_user/jobs/relay/view?view_type=list&rec_idx=54110597
(주)투모어스텝스,(주)투모어스텝스 IT 개발 프로젝트 매니저(PM) 경력 채용 공고,/zf_user/jobs/relay/view?view_type=list&rec_idx=54091969
엔지니어스토리(유),[강남] 부스터스 IT시스템 개선사업 - 2명,/zf_user/jobs/relay/view?view_type=list&rec_idx=54110536
한국가이던스,"풀스택(BE/FE), 백엔드/프론트,JAVA 개발자,경력직(배포경험)",/zf_user/jobs/relay/view?view_type=list&rec_idx=54110368
(주)에이전트에이아이랩스,(주)에이전트에이아이랩스 Web3 서비스 개발자 모집,/zf_user/jobs/relay/view?view_type=list&rec_idx=54110292
(주)리안,해양ICT 기업(주)리안과 함께할 IT 서비스 및 운영지원 인재영입,/zf_user/jobs/relay/view?view_type=list&rec_idx=54110149
(주)코아아이티,코아아이티 SI개발자(인천 근무) 채용합니다.,/zf_user/jobs/relay/view?view_type=list&rec_idx=54076636
(주)퍼즐데이터,[퍼즐데이터] 자사제품 개발자(프론트 개발 업무),/zf_user/jobs/relay/view?view_type=list&rec_idx=54109933
(주)제이투이,[REACT SM 수색역] CMS 운영 업무 (3),/zf_user/jobs/relay/view?view_type=list&rec_idx=54109924
(주)아이투맥스,[Salesforce 업계 1위] 세일즈포스 신입/경력 채용,/zf_user/jobs/relay/view?view_type=list&rec_idx=54109907
유이소프트(주),[경력] 공공 SI 웹 개발자 모집 / 유지보수 경력 인정 안함,/zf_user/jobs/relay/view?view_type=list&rec_idx=54109887
주식회사 벨로크,"(주) 벨로크 연구소 1팀 풀스택 개발자 모집(Java, React)",/zf_user/jobs/relay/view?view_type=list&rec_idx=54109834
주식회사 벨로크,주식회사 벨로크 연구소 WEB 개발자 충원(아이오브젝트팀),/zf_user/jobs/relay/view?view_type=list&rec_idx=54109823
(주)엘지씨엔에스,[신입] 2026년 상반기 신입사원 수시채용(AX/DX/RX Engineer),/zf_user/jobs/relay/view?view_type=list&rec_idx=54071734
(주)세중,IT 전산 보안 인력 채용(1명),/zf_user/jobs/relay/view?view_type=list&rec_idx=54109626
(주)넥사코드,[백엔드] 백엔드 개발자 채용,/zf_user/jobs/relay/view?view_type=list&rec_idx=54109454
㈜지투시스넷,[신입/경력] ERP 컨설턴트 정규직 채용,/zf_user/jobs/relay/view?view_type=list&rec_idx=54109342
(주)넥스트아이씨티,"[신입] JAVA, JSP, 웹, ERP, SI개발",/zf_user/jobs/relay/view?view_type=list&rec_idx=54109185
(주)제이엘케이,[병역특례] 인공지능연구원 (전문연구요원),/zf_user/jobs/relay/view?view_type=list&rec_idx=54108822
(주)제이투이,[REACT SI 서울역] 광고플랫폼 캠페인 시스템 개발 (3),/zf_user/jobs/relay/view?view_type=list&rec_idx=54108792
(주)케어랩스,구인구직 플랫폼 풀스택 개발자 (5년 이상),/zf_user/jobs/relay/view?view_type=list&rec_idx=54108583
(주)씨티케이,AI기술 기반 테크니컬 IT 기획(경력 3년~),/zf_user/jobs/relay/view?view_type=list&rec_idx=54003883
(주)이음시스템즈,[이음시스템즈] 금융권 시스템 개발 및 유지보수 전문가 채용,/zf_user/jobs/relay/view?view_type=list&rec_idx=54029005
국민대학교,2026학년도 하반기 국민대학교 신입 직원(일반직) 채용,/zf_user/jobs/relay/view?view_type=list&rec_idx=54108280
(주)아이투맥스,[Salesforce 업계 1위] Java Developer 경력 채용(7년 이상),/zf_user/jobs/relay/view?view_type=list&rec_idx=54108333
한국생명공학연구원,2026-3차 계약직(연구원/기술원/사무원) 채용 공고,/zf_user/jobs/relay/view?view_type=list&rec_idx=54108289
(주)아이투맥스,[Salesforce 업계 1위] 세일즈포스 개발자 경력 채용(본사),/zf_user/jobs/relay/view?view_type=list&rec_idx=54108224
(주)메디오피아테크,Java Web 경력 사원 (JAVA / JSP / SPRING) 채용,/zf_user/jobs/relay/view?view_type=list&rec_idx=53774067
동아대학교의료원,전산정보과(출산휴가 및 육아휴직자 대체) 임시직 채용 공고,/zf_user/jobs/relay/view?view_type=list&rec_idx=54108042
(주)트랜스코스모스코리아,[트랜스코스모스/성남] 당사 DML개발부 개발자 신규 채용 MEx8,/zf_user/jobs/relay/view?view_type=list&rec_idx=54108037
(주)옴니케어,[옴니케어] 서비스운영부문 웹 플랫폼 개발자 채용,/zf_user/jobs/relay/view?view_type=list&rec_idx=53919423
타이거인공지능,소프트웨어 개발자(부산),/zf_user/jobs/relay/view?view_type=list&rec_idx=54107983
(주)아이투맥스,[Salesforce 업계 1위] 세일즈포스 CSS팀 개발자 신입/경력 채용,/zf_user/jobs/relay/view?view_type=list&rec_idx=54079611
토모도모(주),케이뱅크 중소기업 여신시스템 java 초/중급 개발자 채용(10개월,/zf_user/jobs/relay/view?view_type=list&rec_idx=54107930
엔지엘㈜,기업부설연구소 AI 개발자 모집,/zf_user/jobs/relay/view?view_type=list&rec_idx=53748543
(주)폼웍스,[폼웍스 양산지점] 경영지원본부 IT팀 정규직 직원 채용,/zf_user/jobs/relay/view?view_type=list&rec_idx=54058756
(주)타이코콜렉션,"일본어가능직원모집(일본어필,현지근무필,개발,디자인,고객관리)",/zf_user/jobs/relay/view?view_type=list&rec_idx=54073957
(주)옥토앱시스,렌터카 관련 서비스 백엔드/서버 개발자 채용,/zf_user/jobs/relay/view?view_type=list&rec_idx=54107769
(주)스테이지파이브,[통신사] STAGE FIVE '백엔드(노드)' 경력자 채용,/zf_user/jobs/relay/view?view_type=list&rec_idx=54046123
(주)지엠피아이티,"제약 MES 솔루션 개발자 채용 React, C#",/zf_user/jobs/relay/view?view_type=list&rec_idx=54107638
데이터킹(주),경력직 웹서버 풀스택 개발자,/zf_user/jobs/relay/view?view_type=list&rec_idx=54107637
(주)아이지아이코리아,"풀스택 개발자(Full-stack Developer, 3년 이상)",/zf_user/jobs/relay/view?view_type=list&rec_idx=54107470
(주)온택트헬스,Product 기획자 채용,/zf_user/jobs/relay/view?view_type=list&rec_idx=54059115
㈜폴리큐브,웹/앱 프런트 및 백엔드 프로그래머를 모십니다.,/zf_user/jobs/relay/view?view_type=list&rec_idx=54037824
(주)윈즈,프론트엔드/백엔드 개발자 모집,/zf_user/jobs/relay/view?view_type=list&rec_idx=54085112
주식회사 비투넷,"[정규직 채용] 개발 PM.PL(경력직), SI프로젝트 구축/ 과장~차장",/zf_user/jobs/relay/view?view_type=list&rec_idx=54087921
주식회사 비투넷,[SI-판교역.초지역-중급.고급] C# . C++(철도 발매기 개발),/zf_user/jobs/relay/view?view_type=list&rec_idx=54087929
(주)통일감정평가법인,[통일감정평가법인] 전산팀 보안 및 유지보수 담당자 채용 공고,/zf_user/jobs/relay/view?view_type=list&rec_idx=54106930
우리에프아이에스(주),[우리FIS] 26년 6월 개발 부문 경력 채용,/zf_user/jobs/relay/view?view_type=list&rec_idx=54013945
레가토컴퍼니,인테리어 + AI + 자동화 실무 담당자 채용 (신입 환영),/zf_user/jobs/relay/view?view_type=list&rec_idx=54106550
(주)오픈메이트,[오픈메이트] 웹 기반 GIS 시스템 구축 개발자 채용,/zf_user/jobs/relay/view?view_type=list&rec_idx=54106543
(주)이에스티소프트,oo기업 생성형 AI Agent 서비스 구축 / Python / 시청,/zf_user/jobs/relay/view?view_type=list&rec_idx=54106494
(주)이에스티소프트,"oo기업 조각투자 플랫폼 구축 / Proframe C, Oracle / 여의도",/zf_user/jobs/relay/view?view_type=list&rec_idx=54106477
(주)이에스티소프트,"oo기업 개발자 모집 / 자바, 리액트/ 이천",/zf_user/jobs/relay/view?view_type=list&rec_idx=54106472
(주)이에스티소프트,[(주)이에스티소프트] IT 분야별 신입/경력 채용,/zf_user/jobs/relay/view?view_type=list&rec_idx=54106463
(주)제이솔루션,소프트웨어 개발자(책임급) 채용합니다.,/zf_user/jobs/relay/view?view_type=list&rec_idx=54106198
씨엔티테크(주),씨엔티테크(주) CK팀 백엔드 개발자(경력) 모집,/zf_user/jobs/relay/view?view_type=list&rec_idx=54106048
해커스교육그룹,2026년 해커스 교육그룹 [신입/경력] 각 부문별 채용공고,/zf_user/jobs/relay/view?view_type=list&rec_idx=53489648
(주)와치텍,(주)와치텍 2026년 인재 채용,/zf_user/jobs/relay/view?view_type=list&rec_idx=54058368
(주)티윈,[LG 협력사] 백엔드 개발자 채용 (상현역/마곡역),/zf_user/jobs/relay/view?view_type=list&rec_idx=54029618
(주)이롬넷,글로벌 핀테크사 IT실 BO개발팀 개발담당자 채용,/zf_user/jobs/relay/view?view_type=list&rec_idx=54106007
넥스트증권(주),넥스트증권 각 부문별 경력직 대규모 채용,/zf_user/jobs/relay/view?view_type=list&rec_idx=54022803
청오디피케이(주),도미노피자 각 부문(자회사 포함) 공개 채용,/zf_user/jobs/relay/view?view_type=list&rec_idx=54075588
(주)한국네트웍스,그룹사 SAP 시스템 운영(HR모듈),/zf_user/jobs/relay/view?view_type=list&rec_idx=54090837
한국쓰리엠(주),[3M] 한국쓰리엠 신입/경력사원 모집 안내,/zf_user/jobs/relay/view?view_type=list&rec_idx=53594786
캐논코리아 주식회사,2026년 6월 캐논코리아 신입사원 채용 인턴전형(채용연계형),/zf_user/jobs/relay/view?view_type=list&rec_idx=54079627
에스컴퍼니,"React / React Native 웹,앱 풀스택 AI개발자 채용",/zf_user/jobs/relay/view?view_type=list&rec_idx=54105896
(주)신보,[명학역/방산/신입가능] 전산보안팀 채용,/zf_user/jobs/relay/view?view_type=list&rec_idx=54105872
칼라비,[커머스 운영] AI-Native Product Engineer,/zf_user/jobs/relay/view?view_type=list&rec_idx=54105649
(주)제이와이피엔터테인먼트,JYP엔터테인먼트 IT LAB 집중 채용,/zf_user/jobs/relay/view?view_type=list&rec_idx=54105419
(주)제이투이,[JAVA/REACT SM 선릉역] 패션몰 브랜드사이트 운영 PL (8),/zf_user/jobs/relay/view?view_type=list&rec_idx=54105301
(주)커머스톤,커머스톤 각 부문별 채용공고,/zf_user/jobs/relay/view?view_type=list&rec_idx=54105152
주식회사 스타랩스,[스타랩스] 풀스택 개발자 채용,/zf_user/jobs/relay/view?view_type=list&rec_idx=53998879
연합정밀(주),연합정밀(주) 사무/관리직 채용(정보관리),/zf_user/jobs/relay/view?view_type=list&rec_idx=54104606
모드니사회적협동조합,엠로(EMRO) 경력자를 모십니다 /창원,/zf_user/jobs/relay/view?view_type=list&rec_idx=54104552
(주)리얼웹,(주)리얼웹 발전운영 시스템 운영 및 유지보수 (경력)모집,/zf_user/jobs/relay/view?view_type=list&rec_idx=54104447
(주)에스앤케이인스티튜트,"차세대 정보보안솔루션 경력개발자(JAVA, C)",/zf_user/jobs/relay/view?view_type=list&rec_idx=54104258
(주)코리아인,[수소 인프라 전문기업] 시스템 엔지니어(HW 개발) 경력직 채용,/zf_user/jobs/relay/view?view_type=list&rec_idx=53997805
(주)인우기술,솔루션 유지관리 및 개발 경력직 채용(JAVA개발자),/zf_user/jobs/relay/view?view_type=list&rec_idx=53968318
(주)오마이호텔앤코,BackEnd Engineer 모집(경력 5년 이상),/zf_user/jobs/relay/view?view_type=list&rec_idx=54072692
씨앤토트플러스(주),[이천] SK계열사 HKMS 시스템 운영(고급),/zf_user/jobs/relay/view?view_type=list&rec_idx=54104082
(주)아이서티,JAVA 웹 개발자 경력직 채용,/zf_user/jobs/relay/view?view_type=list&rec_idx=54104039
씨앤토트플러스(주),[이천] SK계열사 PLM 시스템 운영(고급),/zf_user/jobs/relay/view?view_type=list&rec_idx=54103938
(주)이지서티,"[이지서티]솔루션 유지보수 개발자 경력(JAVA, C 등)",/zf_user/jobs/relay/view?view_type=list&rec_idx=54103924
(주)모빌테크,[모빌테크] 웹 풀스택 개발자 (GIS/Map) 채용 (신입/경력),/zf_user/jobs/relay/view?view_type=list&rec_idx=53920254
MARU 株式会社,"일본 도쿄 프로그램 개발자 / 시스템 엔지니어 모집(신입, 경력)",/zf_user/jobs/relay/view?view_type=list&rec_idx=54103811
주식회사 윈어시,"웹디자이너(포토샵, 일러, html, css, j-query, javascript 등)",/zf_user/jobs/relay/view?view_type=list&rec_idx=53817389
(주)코드모바일,[IT팀] C# 언어 서버개발 및 유지보수 담당자,/zf_user/jobs/relay/view?view_type=list&rec_idx=54103315
메가스터디교육(주),웹서비스(백엔드) 개발자 채용,/zf_user/jobs/relay/view?view_type=list&rec_idx=54103295
(주)제이원소프트,"[경력] 장비 제어/Machine Vision 개발자 모집/C#,WPF,MFC",/zf_user/jobs/relay/view?view_type=list&rec_idx=53750770
엑시스아이티(주),[고려아연계열/엑시스아이티] Application 개발자 경력 채용,/zf_user/jobs/relay/view?view_type=list&rec_idx=53919683
엑시스아이티(주),[고려아연계열/엑시스아이티] Application 개발 인턴 채용,/zf_user/jobs/relay/view?view_type=list&rec_idx=53921497
주식회사 미노시스,"일본 도쿄 / 소프트웨어 신입+경력 개발자 모집(Java, C#, iOS)",/zf_user/jobs/relay/view?view_type=list&rec_idx=54102522
(주)위뉴,[위뉴] 헬스케어 개발팀장 채용,/zf_user/jobs/relay/view?view_type=list&rec_idx=53799670
(주)텍트원,JAVA JSP Springframe egov WEB 경력[안양],/zf_user/jobs/relay/view?view_type=list&rec_idx=54102374
미래통상,[미래통상] 오픈마켓 쇼핑몰 MD 신입 경력 모집합니다,/zf_user/jobs/relay/view?view_type=list&rec_idx=53875596
미래통상,[미래통상] 온라인 쇼핑몰 MD 신입 경력 모집합니다,/zf_user/jobs/relay/view?view_type=list&rec_idx=53999681
(주)문토,[시리즈A투자유치/문토] 테크 리드 (역삼역 도보 2분),/zf_user/jobs/relay/view?view_type=list&rec_idx=53969651
(주)에스앤비,데이터베이스관리자 (DBA),/zf_user/jobs/relay/view?view_type=list&rec_idx=54102030
(주)위드,java SI 및 SM 신입/경력 - 정규직,/zf_user/jobs/relay/view?view_type=list&rec_idx=54102013
(주)케이비원,(주)케이비원 정보시스템부 경력직 모집합니다.,/zf_user/jobs/relay/view?view_type=list&rec_idx=54101971
(주)윙소프트,(주)윙소프트에서 PHP/MySQL 웹서비스 운영·고도화 함께해요,/zf_user/jobs/relay/view?view_type=list&rec_idx=54071718
(주)이웃닷컴,"풀스택 웹 개발자 (C#/.NET, MS-SQL) 경력직 정규직 채용",/zf_user/jobs/relay/view?view_type=list&rec_idx=54101686
(주)밴틱스,(주)밴틱스에서 PHP/MySQL 웹서비스 운영·고도화 함께해요,/zf_user/jobs/relay/view?view_type=list&rec_idx=53927911
(주)이노웨이브글로벌,"웹 서비스 개발자(React/Node, 경력 3년+) 채용",/zf_user/jobs/relay/view?view_type=list&rec_idx=54101571
(주)디지털바인즈,"[정규직] 신입 웹프로그래머(jsp,php)를 모십니다.",/zf_user/jobs/relay/view?view_type=list&rec_idx=53593567
(주)지비소프트,백엔드 개발자 경력직 채용,/zf_user/jobs/relay/view?view_type=list&rec_idx=54101309
(주)프로텍,Software개발자 채용(실무경력 1년이상),/zf_user/jobs/relay/view?view_type=list&rec_idx=54101262
(주)티업엔조이,티업엔조이 풀스택 개발자 채용 공고,/zf_user/jobs/relay/view?view_type=list&rec_idx=54101254
(주)디어소프트,(부산) 경남은행 SM 수신업무 유지보수 개발자 (청약),/zf_user/jobs/relay/view?view_type=list&rec_idx=53989094
씨제이대한통운(주),[TES물류기술연구소] Backend Engineer 경력사원 모집,/zf_user/jobs/relay/view?view_type=list&rec_idx=53940457
SEAGILE주식회사,[일본 동경 시마네현] IT 프로그래머web개발 엔지니어,/zf_user/jobs/relay/view?view_type=list&rec_idx=54100685
(주)코딧,프론트엔드 개발자 (React.js 2년이상),/zf_user/jobs/relay/view?view_type=list&rec_idx=51067870
(주)코딧,"프론트엔드 개발자 (리더, React.js 5년 이상)",/zf_user/jobs/relay/view?view_type=list&rec_idx=51067805
(주)코딧,"백엔드 개발자 (Node.js, 2년 이상)",/zf_user/jobs/relay/view?view_type=list&rec_idx=51067668
(주)가치정보기술,산업별/지역별 SI/SM 프로젝트 안내,/zf_user/jobs/relay/view?view_type=list&rec_idx=53897452
(주)키움예스저축은행,키움YES저축은행 디지털추진팀/수신팀 경력 채용,/zf_user/jobs/relay/view?view_type=list&rec_idx=54027913
(주)26도라인,풀스택 AI 엔지니어 채용,/zf_user/jobs/relay/view?view_type=list&rec_idx=54015893
(주)26도라인,JAVA 풀스택 개발자 경력,/zf_user/jobs/relay/view?view_type=list&rec_idx=54015830
"콜러베이트주식회사(COLLAVATECo.,Ltd.)",[콜러베이트] B2B 솔루션 영업 전문가 (현장 세일즈 및 컨설팅),/zf_user/jobs/relay/view?view_type=list&rec_idx=53796571
(주)파인티처,[파인티처] Nest.js & AWS 백엔드 경력 (3년 이상) 개발자 모집,/zf_user/jobs/relay/view?view_type=list&rec_idx=53633418
(주)파이온즈,JAVA/WEB 개발자 정직원 수시 모집 (신입/경력),/zf_user/jobs/relay/view?view_type=list&rec_idx=54100326
주식회사 브라이트퓨처스,[셀렉미] 풀스택 개발자 경력 채용 공고 (미용구인구직 플랫폼),/zf_user/jobs/relay/view?view_type=list&rec_idx=54099936
(주)모비젠,(주)모비젠 웹 개발자 채용 (정규직),/zf_user/jobs/relay/view?view_type=list&rec_idx=54099570
코리아써키트,[영풍그룹]코리아써키트 각 부문 (신입/경력) 채용,/zf_user/jobs/relay/view?view_type=list&rec_idx=54054966
(주)러닝포인트,안드로이드 러닝 앱 개발자 경력 (1~3년),/zf_user/jobs/relay/view?view_type=list&rec_idx=54091302
(주)진이어스,풀스택 개발자 채용,/zf_user/jobs/relay/view?view_type=list&rec_idx=54088257
(주)쥬비스다이어트,IT 서비스기획 PM 경력직 채용,/zf_user/jobs/relay/view?view_type=list&rec_idx=54089782
(주)아크도,개발자 경력직 채용공고 (D365),/zf_user/jobs/relay/view?view_type=list&rec_idx=54024607
(주)드림위드컴퍼니,[경력3년] JAVA 개발자 채용 - PHP 등 복수개발언어 가능자 우대,/zf_user/jobs/relay/view?view_type=list&rec_idx=54098445
묘네,묘네 자바 백엔드·웹 개발 및 스타트업 CTO 채용 공고,/zf_user/jobs/relay/view?view_type=list&rec_idx=54098197
(주)대흥정보,[대흥정보] C# 경력직 개발자 채용,/zf_user/jobs/relay/view?view_type=list&rec_idx=53969480
(주)차이,플랫폼 개발자 채용,/zf_user/jobs/relay/view?view_type=list&rec_idx=54097849
(주)엠이에이엔,JAVA 프리랜서 개발자를 찾고 있어요,/zf_user/jobs/relay/view?view_type=list&rec_idx=54097488
(주)엠이에이엔,(주)엠이에이엔과 함께할 세일즈포스 프리랜서 개발자를 찾고 있어요,/zf_user/jobs/relay/view?view_type=list&rec_idx=54097486
크루베이션,FE 개발자 모집 공고,/zf_user/jobs/relay/view?view_type=list&rec_idx=54096761
정유니브(주),"[신입/경력] Springboot, AI 에이전트 개발자 모집",/zf_user/jobs/relay/view?view_type=list&rec_idx=53717557
비에스지파트너스,[BSG] SAP ABAP 개발자 (경력),/zf_user/jobs/relay/view?view_type=list&rec_idx=54096661
케이투코리아(주),[케이투코리아그룹] 6월 각 부문 신입/경력사원 채용,/zf_user/jobs/relay/view?view_type=list&rec_idx=54079005
(주)에스엠티바이오,AI · 데이터 플랫폼 구축 핵심인재 모집 AI Engineer,/zf_user/jobs/relay/view?view_type=list&rec_idx=54091740
(주)고스마바이오사이언스,풀스택(Full Stack) 팀장급 개발자 채용공고,/zf_user/jobs/relay/view?view_type=list&rec_idx=54093291
엔큐리티(주),"[IT정보보안/사세확장] 부문별 채용 (네트워크보안,총무,인사)",/zf_user/jobs/relay/view?view_type=list&rec_idx=53947368
에이스코어(주),사업관리 및 개발자를 모십니다.(신입/경력),/zf_user/jobs/relay/view?view_type=list&rec_idx=54093241
(주)피아이코퍼레이션,백엔드 개발자 채용,/zf_user/jobs/relay/view?view_type=list&rec_idx=54093065
솔트앤 라이트,솔트앤 라이트 개발자 모집,/zf_user/jobs/relay/view?view_type=list&rec_idx=54092869
(주)더아머베어러,(주)더아머베어러 AI 서비스 및 풀스택 엔지니어 채용(5년 이상),/zf_user/jobs/relay/view?view_type=list&rec_idx=54092646
(주)에스디파마,의약품 유통 플랫폼·AI 서비스 개발자 채용,/zf_user/jobs/relay/view?view_type=list&rec_idx=54092524
(주)타이코콜렉션,"ASP및PHP개발자모집(ASP,PHP,앱개발,재택업무)",/zf_user/jobs/relay/view?view_type=list&rec_idx=54073977
칼주식회사(영업소),"[CAL/일본근무] 경력자 채용 / WEB개발자, IT엔지니어",/zf_user/jobs/relay/view?view_type=list&rec_idx=54076541
(주)씨엔씨네트웍스,"[정규직]PC Maintenance (PC 및 주변기기 유지보수, 장애 대응)",/zf_user/jobs/relay/view?view_type=list&rec_idx=54092113
(주)아이티아이즈,[코스닥 상장사] ITEYES 대구지역사업본부 경력직 IT개발자,/zf_user/jobs/relay/view?view_type=list&rec_idx=54091972
(주)이포넷,(주)이포넷 AI연구개발 연구원 경력/신입 채용,/zf_user/jobs/relay/view?view_type=list&rec_idx=53947304
(주)이에스티소프트,[금융권]oo기업 디자이너 및 퍼블리셔 운영(개발) 모집,/zf_user/jobs/relay/view?view_type=list&rec_idx=54091401
(주)이트리즈시스템,[신입] JAVA 기반 웹 개발자 채용 (SI/SM),/zf_user/jobs/relay/view?view_type=list&rec_idx=54091359
주식회사한국어린이문화예술교육,[ARTBODA·아트보다] 에서 Full-Stack Developer를 찾고 있어요,/zf_user/jobs/relay/view?view_type=list&rec_idx=54091351
(주)박스스토어,주식회사 박스스토어 개발자 채용,/zf_user/jobs/relay/view?view_type=list&rec_idx=54091194
(주)아이솔,웹 개발자 모집,/zf_user/jobs/relay/view?view_type=list&rec_idx=54091193
(주)차바이오텍,IT사업본부 병원전산시스템 개발/운영 채용,/zf_user/jobs/relay/view?view_type=list&rec_idx=53843237
(주)유티이씨,[5년 이상] AI 활용 및 개발이 가능한 백엔드 개발자 채용,/zf_user/jobs/relay/view?view_type=list&rec_idx=54091087
한세엠케이(주),한세엠케이(주) IT팀 경력직 채용,/zf_user/jobs/relay/view?view_type=list&rec_idx=54091034
(주)와그,"[WAUG]와그 백엔드 개발자(PHP, JAVA) 모집",/zf_user/jobs/relay/view?view_type=list&rec_idx=54039834
(주)게임덱스,[정규직]웹 서비스 - 웹 기획자 직무 채용 (경력무관),/zf_user/jobs/relay/view?view_type=list&rec_idx=54090981
(주)데브언리밋,"React, React-native, Node.js 개발자 모집",/zf_user/jobs/relay/view?view_type=list&rec_idx=54090898
(주)윈스테크넷,"6월 윈스테크넷 월간채용(경력) - 정보보안,클라우드,개발,영업",/zf_user/jobs/relay/view?view_type=list&rec_idx=54063678
주식회사 노드랩스,주식회사 노드랩스에서 ERP 개발자를 찾고 있어요,/zf_user/jobs/relay/view?view_type=list&rec_idx=54090427
주식회사한국어린이문화예술교육,[Stub] 모바일 앱 풀스택 개발자 공고·Full-Stack developer,/zf_user/jobs/relay/view?view_type=list&rec_idx=54090417
(주)수산인더스트리,[수산인더스트리] 본사 IT 개발자 모집 (경력 2~6년차),/zf_user/jobs/relay/view?view_type=list&rec_idx=54090262
(주)세컨드팀,Product Engineer,/zf_user/jobs/relay/view?view_type=list&rec_idx=54090194
(주)소프트힐스,3D 모델 가시화 응용소프트웨어 개발자 모집(신입/경력),/zf_user/jobs/relay/view?view_type=list&rec_idx=53744729
㈜피앤피시큐어,[피앤피시큐어 및 관계사] SW 연구개발직군 신입/경력 공개채용,/zf_user/jobs/relay/view?view_type=list&rec_idx=54089744
(주)인포젠,[여수] C# SM 정규직 모집,/zf_user/jobs/relay/view?view_type=list&rec_idx=54089727
(주)동수원리케이온,회계 관리 시스템 개발자(경력자) 채용,/zf_user/jobs/relay/view?view_type=list&rec_idx=53759913
(주)에이스이앤티,R&D 연구 기술 개발 및 전산 프로그램 개발 경력자 모집,/zf_user/jobs/relay/view?view_type=list&rec_idx=54089546
한다글다글,"[한다글다글] Fullstack Engineer (학력무관, 1년차~5년차)",/zf_user/jobs/relay/view?view_type=list&rec_idx=54089240
(주)블루어드,(주)블루어드 [ SAP ABAP / UI5 기반 솔루션 개발자]채용,/zf_user/jobs/relay/view?view_type=list&rec_idx=54089181
주식회사이든웍스,NH저축은행 SM(운영) 업무 개발,/zf_user/jobs/relay/view?view_type=list&rec_idx=54089128
온스퀘어주식회사,온스퀘어주식회사 기술 총괄(CTO급) 채용 공고,/zf_user/jobs/relay/view?view_type=list&rec_idx=54089109
(주)겟스마트,AI 기반 개발 도구를 활용하는 React/Java 개발자 채용합니다,/zf_user/jobs/relay/view?view_type=list&rec_idx=54089044
주식회사이든웍스,NH농협은행 금융상품몰 여신 파트 개발,/zf_user/jobs/relay/view?view_type=list&rec_idx=54088998
주식회사이든웍스,NH농협은행 콕뱅크 운영 개발 - PL 역할,/zf_user/jobs/relay/view?view_type=list&rec_idx=54088947
(주)아이이에이,[IEA][5년 이하 경력] AI 개발자 경력직 채용,/zf_user/jobs/relay/view?view_type=list&rec_idx=54088936
(주)아이티엔제이,AI 비전 솔루션 경력 개발자 모집,/zf_user/jobs/relay/view?view_type=list&rec_idx=53790890
(주)아이티엔제이,AI 비전 솔루션 신입 개발자 모집,/zf_user/jobs/relay/view?view_type=list&rec_idx=53790927
(주)대교씨엔에스,(주)대교씨엔에스에서 Java 학사행정 운영 프리랜서를 찾고 있어요,/zf_user/jobs/relay/view?view_type=list&rec_idx=54075514
(주)이브레인소프트,[단기-프리랜서] SSL 기반 주문 시스템 개발자 모집(Java),/zf_user/jobs/relay/view?view_type=list&rec_idx=54080894
(주)네무스,(주)네무스 .NET 기반 웹 개발자 채용,/zf_user/jobs/relay/view?view_type=list&rec_idx=53892355
(주)에스앤케이인스티튜트,"[C, JAVA] 암호화 솔루션 개발자",/zf_user/jobs/relay/view?view_type=list&rec_idx=54088452
해성손해사정(주),[해성손해사정㈜] IT 개발자 신입 및 경력직 채용(서울),/zf_user/jobs/relay/view?view_type=list&rec_idx=54088378
바이엇(주),[B2B SaaS] 백엔드 개발자 신입 채용,/zf_user/jobs/relay/view?view_type=list&rec_idx=54088323
컨클라우드,[가산디지털단지역/정규직] 웹 개발자 모집 (신입/경력),/zf_user/jobs/relay/view?view_type=list&rec_idx=54017558
(주)고고팩토리,(주)고고팩토리 개발운영팀 프로그래머 채용,/zf_user/jobs/relay/view?view_type=list&rec_idx=54080741
라온웍스(주),"[신입, 경력] JAVA / ML 개발 엔지니어 직원 채용",/zf_user/jobs/relay/view?view_type=list&rec_idx=54087813
(주)이진솔루션,(주)이진솔루션에서 JAVA 백엔드 개발자 채용해요,/zf_user/jobs/relay/view?view_type=list&rec_idx=54087708
(주)위더스이십일,위더스이십일과 함께 성장할 [ JAVA개발자 ] 를 찾습니다.,/zf_user/jobs/relay/view?view_type=list&rec_idx=54087484
(주)메이팜소프트,솔루션 기반 웹프로젝트 수행 개발 경력자 채용,/zf_user/jobs/relay/view?view_type=list&rec_idx=54087351
(주)아웃스프링,Back-End Developer (백엔드 5년차 이상),/zf_user/jobs/relay/view?view_type=list&rec_idx=54087182
(주)원스프링,웹 개발자 모집(Vue.js),/zf_user/jobs/relay/view?view_type=list&rec_idx=54086966
이스트시큐리티,[ESTsecurity] Windows C++ 어플리케이션 개발자,/zf_user/jobs/relay/view?view_type=list&rec_idx=53684577
(주)라온텍,[코스닥] 소프트웨어 엔지니어 채용,/zf_user/jobs/relay/view?view_type=list&rec_idx=54024764
크리스피드(주),"[세종/오송] 공공기관 시스템 구축, 유지보수 프로젝트 PM 채용",/zf_user/jobs/relay/view?view_type=list&rec_idx=54086494
(주)혁산정보시스템,(주)혁산정보시스템 JAVA 기반 백엔드 개발자,/zf_user/jobs/relay/view?view_type=list&rec_idx=54002907
(주)셀파트너랩스,[셀파트너랩스] AI 이커머스 스타트업 데이터 사이언티스트 모집,/zf_user/jobs/relay/view?view_type=list&rec_idx=54086084
퀀텀넥서스(주),"풀스택 개발 + 알고리즘 연구 채용 (AI, 양자 분야)",/zf_user/jobs/relay/view?view_type=list&rec_idx=53965308
이비엠엔지니어링(주),AI 개발자 채용 공고,/zf_user/jobs/relay/view?view_type=list&rec_idx=54085739
(주)좋은정보기술,웹 개발자(JAVA) 경력 채용 공고,/zf_user/jobs/relay/view?view_type=list&rec_idx=53671183
(주)디스트릭트코리아,[디스트릭트] 인트라넷 시스템 개발자 (.NET · AI 활용 우대),/zf_user/jobs/relay/view?view_type=list&rec_idx=54079229
글로벌엠아이지,"Flutter, PHP 또는 Python 2년 이상 실무 개발자",/zf_user/jobs/relay/view?view_type=list&rec_idx=53654598
(주)태은물류,[태은물류] WMS 전산 개발/유지경력직 채용 (IT 개발 경력 우대,/zf_user/jobs/relay/view?view_type=list&rec_idx=54085412
코드아이디어(주),[IT] 해내는 개발자 채용,/zf_user/jobs/relay/view?view_type=list&rec_idx=54085359
(주)비아이매트릭스,[코스닥기업] 솔루션 개발 PM/PL 채용,/zf_user/jobs/relay/view?view_type=list&rec_idx=54078590
(주)에스엠인포메이션,기업부설연구소 솔루션 개발자 신입 및 경력 사원 모집,/zf_user/jobs/relay/view?view_type=list&rec_idx=54085093
(주)게임엔,[산업기능요원/보충역] AI플랫폼 개발자 채용 공고,/zf_user/jobs/relay/view?view_type=list&rec_idx=54085069
(주)게임엔,[산업기능요원/보충역] 프론트엔드 개발자 채용 공고,/zf_user/jobs/relay/view?view_type=list&rec_idx=54085055
(주)게임엔,프론트엔드 개발자 채용,/zf_user/jobs/relay/view?view_type=list&rec_idx=54085048
(주)넥슨코리아,[메이플스토리 월드] 웹 프론트엔드 개발자 (계약직),/zf_user/jobs/relay/view?view_type=list&rec_idx=53827868
마인드원(주),SW 개발 신입 / 경력자(PL) 채용,/zf_user/jobs/relay/view?view_type=list&rec_idx=53982580
일루넥스,(주)일루넥스 웹 프로그래머(프론트) 경력직 채용,/zf_user/jobs/relay/view?view_type=list&rec_idx=53636913
(주)엠이에이엔,(주)엠이에이엔에서 JAVA 프리랜서 개발자를 찾고 있어요,/zf_user/jobs/relay/view?view_type=list&rec_idx=54084832
(주)웨이스,(주)웨이스에서 스마트팩토리 MES/PLM 솔루션 개발자 모십니다,/zf_user/jobs/relay/view?view_type=list&rec_idx=54084757
(주)에스에이티,기술연구소 웹 애플리케이션 소프트웨어 개발 팀원 모집,/zf_user/jobs/relay/view?view_type=list&rec_idx=53983548
토스플레이스(주),Technical Account Manager,/zf_user/jobs/relay/view?view_type=list&rec_idx=53587684
피에이치제이팩토리(PHJFactory),피에이치제이팩토리(PHJFactory)에서 풀스택 개발자 모시고 있어요,/zf_user/jobs/relay/view?view_type=list&rec_idx=54084074
(주)캐스트프로,(주)캐스트프로 소프트웨어팀 서버담당자(경력 3년 이상) 채용,/zf_user/jobs/relay/view?view_type=list&rec_idx=53943196
(주)오프리메드,프론트엔드 개발자 (사원~과장),/zf_user/jobs/relay/view?view_type=list&rec_idx=54062474
아이엔마케팅(주),웹 개발자 채용 (경력),/zf_user/jobs/relay/view?view_type=list&rec_idx=54026718
아이엔마케팅(주),웹 개발자 채용 (신입),/zf_user/jobs/relay/view?view_type=list&rec_idx=54026707
(주)오프리메드,백엔드 개발자 (사원~과장),/zf_user/jobs/relay/view?view_type=list&rec_idx=54062512
스테인온주식회사(STEINONInc.),[스테인온] 강제집행 자동화 SaaS 플랫폼 풀스택 개발자 모집,/zf_user/jobs/relay/view?view_type=list&rec_idx=54083420
(주)제이오텍,㈜제이오텍 소프트웨어개발 부문 신입/경력 채용,/zf_user/jobs/relay/view?view_type=list&rec_idx=54045951
주식회사아르보캠퍼스,주식회사아르보캠퍼스에서 모바일APP S/W 개발자를 찾고 있어요,/zf_user/jobs/relay/view?view_type=list&rec_idx=54081071
주식회사 와이투엠,주식회사 와이투엠 시스템 엔지니어 / 정사원 채용,/zf_user/jobs/relay/view?view_type=list&rec_idx=54081055
건솔루션(주),"MES , 스마트팩토리 - Java 개발 경력자 모집 / 健솔루션 ㈜",/zf_user/jobs/relay/view?view_type=list&rec_idx=54080678
기적기획,"[신입/경력] 웹퍼블리셔, 프론트엔드 php 개발자 채용",/zf_user/jobs/relay/view?view_type=list&rec_idx=53969728
(주)위스마트,웹시스템 설계자 채용 공고입니다.,/zf_user/jobs/relay/view?view_type=list&rec_idx=54080514
(주)에이톰엔지니어링,(AI 엔지니어)-건축물 안전진단 및 영상인식 AI개발자 모집,/zf_user/jobs/relay/view?view_type=list&rec_idx=54061590
리디(주),Frontend Engineer,/zf_user/jobs/relay/view?view_type=list&rec_idx=54080255
(주)포미트,SI-Web분야 중급 및 고급 개발자 채용 합니다.,/zf_user/jobs/relay/view?view_type=list&rec_idx=53785503
씨앤토트플러스(주),[수내] SK계열사 통합시스템 운영(초급이상),/zf_user/jobs/relay/view?view_type=list&rec_idx=54027123
(주)씨엔씨네트웍스,[정규직 경력] 이커머스 WMS 물류 시스템 구축-설계 및 개발자,/zf_user/jobs/relay/view?view_type=list&rec_idx=54079715
주식회사개발공작실,주식회사개발공작실 프론트엔드·백엔드 개발자 채용 공고,/zf_user/jobs/relay/view?view_type=list&rec_idx=54079488
(주)투버미디어,PHP 웹프로그래머 채용공고(신입 또는 경력),/zf_user/jobs/relay/view?view_type=list&rec_idx=54079337
더로카,웹서비스 개발/유지보수 개발자 모집,/zf_user/jobs/relay/view?view_type=list&rec_idx=54079304
(주)코스펙이노랩,[BIM 솔루션/공공SI] Java Full-Stack 개발자 채용,/zf_user/jobs/relay/view?view_type=list&rec_idx=54079126
모드니사회적협동조합,파주/디스플레이 검사정보시스템 기능개선/ C# Oracle /중급,/zf_user/jobs/relay/view?view_type=list&rec_idx=54078891
유닛블랙,[택스테크 IT 스타트업 유닛블랙] 풀스택 개발자,/zf_user/jobs/relay/view?view_type=list&rec_idx=53619247
(주)닉컴퍼니,(주)닉컴퍼니와 함께할 금융IT SI 개발자를 찾고 있어요,/zf_user/jobs/relay/view?view_type=list&rec_idx=54078614
(주)이노딕스,(주)이노딕스 UX Designer,/zf_user/jobs/relay/view?view_type=list&rec_idx=54078114
주식회사 페이패스,주식회사 페이패스에서 웹퍼블리셔·프론트엔드로 함께 성장해요,/zf_user/jobs/relay/view?view_type=list&rec_idx=54077936
(주)아토매트릭스,(주)아토매트릭스 CANDDIE 플랫폼 프론트엔드 개발자 채용 (경력,/zf_user/jobs/relay/view?view_type=list&rec_idx=54077401
(주)에이엑스코어,B2B향 AI 솔루션 엔지니어를 모십니다.,/zf_user/jobs/relay/view?view_type=list&rec_idx=54077145
(주)아이원,[아이원] 농림축산검역본부 유지보수 채용,/zf_user/jobs/relay/view?view_type=list&rec_idx=54077022
(주)리즌디자인,퍼블리셔 / 프론트엔드 개발자 경력 채용 (Vue.js),/zf_user/jobs/relay/view?view_type=list&rec_idx=54076836
리얼벨류(주),리얼벨류에서 부동산 SaaS 플랫폼 Laravel/PHP 중급 개발자 채용,/zf_user/jobs/relay/view?view_type=list&rec_idx=54044377
(주)빅크래프트,웹 개발자 (풀스택) 채용,/zf_user/jobs/relay/view?view_type=list&rec_idx=54076712
(주)엑스퍼넷,[엑스퍼넷] 부설연구소 솔루션 관련 개발 신입/경력직 채용,/zf_user/jobs/relay/view?view_type=list&rec_idx=54076670
칼주식회사(영업소),[CAL/일본] 제어/임베디드 엔지니어 (C언어/C++/C#) 정사원모집,/zf_user/jobs/relay/view?view_type=list&rec_idx=54076553
칼주식회사(영업소),"[CAL/ 일본 근무] WEB/ IT 개발자 채용, 미경험 신입 대환영",/zf_user/jobs/relay/view?view_type=list&rec_idx=54076544
(주)세르딕,[세르딕] 프론트엔드 개발자 채용,/zf_user/jobs/relay/view?view_type=list&rec_idx=54076515
(주)카카오브이엑스,카카오VX AI부스트 스크린골프 글로벌 풀스택 웹 개발자 채용,/zf_user/jobs/relay/view?view_type=list&rec_idx=54076405
(주)아와소프트,[아와소프트 대구지사] 웹서비스 개발자 모집,/zf_user/jobs/relay/view?view_type=list&rec_idx=54076299
주식회사 키토스,C#/ORACLE/PostgreSQL 개발자 신입/경력직 모집,/zf_user/jobs/relay/view?view_type=list&rec_idx=53986442
센터링크(주),센터링크(주) 솔루션 엔지니어 경력 채용 공고,/zf_user/jobs/relay/view?view_type=list&rec_idx=54075919
(주)케이티피,[핀테크 스타트업] 서버 개발자(Backend) 채용,/zf_user/jobs/relay/view?view_type=list&rec_idx=54075763
(주)케이티피,[관광 스타트업] 프론트 개발자(Frontend) 채용,/zf_user/jobs/relay/view?view_type=list&rec_idx=54075754
(주)미래새한감정평가법인,(주)미래새한감정평가법인 전산개발팀 채용 공고,/zf_user/jobs/relay/view?view_type=list&rec_idx=53920625
(주)케이씨넷,[KCNET] 관세청 공통프로그램 IT개발자(단기 계약직) 모집[대전],/zf_user/jobs/relay/view?view_type=list&rec_idx=54075705
매플렉스(주),웹(앱) back End 개발자 모집합니다(신입),/zf_user/jobs/relay/view?view_type=list&rec_idx=54075654
(주)레드소프트,(주)레드소프트 CRM연구소 JAVA 개발자 경력사원 모집,/zf_user/jobs/relay/view?view_type=list&rec_idx=54074561
(주)다복메디칼,"(주)다복메디칼 홈페이지 제작,개발 프로그래머 채용",/zf_user/jobs/relay/view?view_type=list&rec_idx=54074473
근남정보기술(주),[대전] JAVA 웹 프로그래머 경력사원 채용(과장급),/zf_user/jobs/relay/view?view_type=list&rec_idx=54044453
근남정보기술(주),[대전] JAVA 웹 프로그래머 경력사원 채용(대리급),/zf_user/jobs/relay/view?view_type=list&rec_idx=54044463
(주)미디어윌네트웍스,[알바천국본사] 웹 개발자 정규직 채용,/zf_user/jobs/relay/view?view_type=list&rec_idx=54074294
(주)미디어윌네트웍스,[알바천국본사] AI 개발자 정규직 채용,/zf_user/jobs/relay/view?view_type=list&rec_idx=54074286
토모도모(주),IBK기업은행 데브옵스 상시 개발 전담반 java PL및 개발자 채용,/zf_user/jobs/relay/view?view_type=list&rec_idx=54074270
(주)지후소프트,[플젝클라우드/ 부산] HR SaaS 클라우드서비스 개발 경력직 채용,/zf_user/jobs/relay/view?view_type=list&rec_idx=54074255
(주)유밥,기술개발팀 개발자 경력직 채용,/zf_user/jobs/relay/view?view_type=list&rec_idx=54074174
센서텍(주),IT인프라 경력직 모집,/zf_user/jobs/relay/view?view_type=list&rec_idx=54074025
(주)인피아드,[경력] 프론트엔드 개발자 모집,/zf_user/jobs/relay/view?view_type=list&rec_idx=54073991
일루넥스,(부산) (주)일루넥스 웹 프로그래머(백엔드) 경력직 채용-팀장급,/zf_user/jobs/relay/view?view_type=list&rec_idx=54073951
주식회사다온아이티에스,금융 SI / SM사업부 경력무관 채용,/zf_user/jobs/relay/view?view_type=list&rec_idx=53930968
(주)단꿈아이,[단꿈아이] 단꿈e개발자 경력 채용,/zf_user/jobs/relay/view?view_type=list&rec_idx=54073748
(주)에스티메디,[(주)STMEDI] IT사업부 개발자 채용 공고,/zf_user/jobs/relay/view?view_type=list&rec_idx=54073614
(주)에듀서브,[민트영어] 개발파트 백엔드(PHP) & 프론트엔드 개발자 채용,/zf_user/jobs/relay/view?view_type=list&rec_idx=53695144
나이스신용정보(주),[NICE신용정보] IT 개발 및 운영 담당자 모집,/zf_user/jobs/relay/view?view_type=list&rec_idx=54073403
케이엘정보통신(주) 대전지점,"[대전] 홈페이지, 그룹웨어 유지보수 및 구축 사업 (신입/경력)",/zf_user/jobs/relay/view?view_type=list&rec_idx=54073221
(주)디와이정보기술,소프트웨어 개발자 모집 (창원),/zf_user/jobs/relay/view?view_type=list&rec_idx=54073194
(주)케이엘피,React / React Native 웹·앱 풀스택 AI 개발자 채용,/zf_user/jobs/relay/view?view_type=list&rec_idx=54072867
퀘이자(주),AI 연구 개발 연구원 채용 (멀티 도메인 특화 모델 구축 연구),/zf_user/jobs/relay/view?view_type=list&rec_idx=54072748
(주)새서울레저,설해원 전산팀 채용 -사업확장채용,/zf_user/jobs/relay/view?view_type=list&rec_idx=54072707
매드업,[개발 본부] 백엔드 개발자 채용,/zf_user/jobs/relay/view?view_type=list&rec_idx=54072676
(주)모노커뮤니케이션즈,(주)모노커뮤니케이션즈 AI 활용 JAVA 프로그램 개발자,/zf_user/jobs/relay/view?view_type=list&rec_idx=54072419
밀리On,[스타트업 물류자동화 솔루션] WMS/WCS 개발자 채용 (신입),/zf_user/jobs/relay/view?view_type=list&rec_idx=53844846
(주)인사이드정보,[신입]SI개발자 채용,/zf_user/jobs/relay/view?view_type=list&rec_idx=54072086
크리스타비전(주),[AI 헬스케어] 풀스택 개발자 채용(백엔드 베이스),/zf_user/jobs/relay/view?view_type=list&rec_idx=54025918
(주)성진하이텍,[정규직] 역량있는 웹 프로그래머 [신입/경력] 모집.,/zf_user/jobs/relay/view?view_type=list&rec_idx=53996110
(주)제이투이,[Java SI 서울역] 회원 서비스 백엔드 개발 및 운영 (2),/zf_user/jobs/relay/view?view_type=list&rec_idx=54071727
(주)밀버스,솔루션 개발자(경력 3년 이상) 채용,/zf_user/jobs/relay/view?view_type=list&rec_idx=54071668
네이버랩스(주),[네이버랩스] 3D Vision Research Engineer (인턴십),/zf_user/jobs/relay/view?view_type=list&rec_idx=54042362
(유)코아시스템,AI 팩토리 AISW융합 솔루션 연구 개발 / 제조 AX.DX.IoT,/zf_user/jobs/relay/view?view_type=list&rec_idx=53976835
(주)엔집,[경력] 통합정보시스템 운영 및 유지관리,/zf_user/jobs/relay/view?view_type=list&rec_idx=54071142
(주)윈앤미디어,(주)윈앤미디어와 AI SaaS 풀스택 엔지니어로 함께 성장해요,/zf_user/jobs/relay/view?view_type=list&rec_idx=54070911
(주)닷코,(주)닷코 스마트 팩토리 개발자/PM 채용,/zf_user/jobs/relay/view?view_type=list&rec_idx=53933764
(주)비테크,실력있는 풀스택 개발자 모십니다,/zf_user/jobs/relay/view?view_type=list&rec_idx=54070853
(주)이씨에스텔레콤,모바일 웹 구축 PM/PL(경력),/zf_user/jobs/relay/view?view_type=list&rec_idx=54056501
(주)이씨에스텔레콤,클라우드 컨택센터 구축 PM/PL(경력),/zf_user/jobs/relay/view?view_type=list&rec_idx=54056743
(주)이너버스,IT B2B 기술영업/세일즈,/zf_user/jobs/relay/view?view_type=list&rec_idx=54047322
(주)노아시스템즈,네트워크 트래픽 관제 시스템 개발,/zf_user/jobs/relay/view?view_type=list&rec_idx=54038096
대상정보기술(주),[대상정보기술] 각 부문별 신입·경력 채용,/zf_user/jobs/relay/view?view_type=list&rec_idx=53263131
(주)인투알,2026년 ㈜인투알 각 부문별 수시채용,/zf_user/jobs/relay/view?view_type=list&rec_idx=54044552
(주)우리의이야기,성형 플랫폼 개발자 직군 Flutter·Frontend 채용,/zf_user/jobs/relay/view?view_type=list&rec_idx=54069366
(주)모멘티,프론트엔드 개발자 (1~3년) [역삼역],/zf_user/jobs/relay/view?view_type=list&rec_idx=54069140
(주)평행,(주)평행 React 기반 웹 프론트엔드 개발자 채용,/zf_user/jobs/relay/view?view_type=list&rec_idx=54068296
(주)아이티공간,AI 분석 및 연구개발 예지보전 인공지능 프로그램 개발,/zf_user/jobs/relay/view?view_type=list&rec_idx=54068147
(주)펄크럼테크놀로지스,[국내 1위 상세페이지 AI - 후커블] 프로덕트 엔지니어 채용,/zf_user/jobs/relay/view?view_type=list&rec_idx=54067982
(주)두핸즈,QA 엔지니어 (신입 ~ 1년),/zf_user/jobs/relay/view?view_type=list&rec_idx=54042778
(주)두핸즈,QA 엔지니어 (경력 5 ~ 7년),/zf_user/jobs/relay/view?view_type=list&rec_idx=54042691
에이엠스퀘어(주),백엔드 개발자 모집,/zf_user/jobs/relay/view?view_type=list&rec_idx=54026980
(주)아이알큐더스,주주총회 통합 플랫폼 Mid-level 풀스택 개발자(4~7년),/zf_user/jobs/relay/view?view_type=list&rec_idx=54039824
(주)에스피에스컴퍼니,주) SPS컴퍼니 채용 공고 (2026) 웹디자이너· 개발자· IT기획,/zf_user/jobs/relay/view?view_type=list&rec_idx=53446971
(주)에스제이그룹,에스제이그룹 웹 퍼블리셔 계약직 채용,/zf_user/jobs/relay/view?view_type=list&rec_idx=54025642
(주)케듀올,(주)케듀올 프로덕트 엔지니어로 함께 만들어가요,/zf_user/jobs/relay/view?view_type=list&rec_idx=53751432
(주)리얼링크,[마케팅본부] 웹 사이트 기획 경력채용,/zf_user/jobs/relay/view?view_type=list&rec_idx=54063501
(주)에이엔드,웹 시스템 운영 및 개발 경력자 모집,/zf_user/jobs/relay/view?view_type=list&rec_idx=54063350
(주)와이즈에이아이,[벤처기업] Backend 개발자 채용,/zf_user/jobs/relay/view?view_type=list&rec_idx=54063316
(주)시스템노바,풀스택 개발자 Full Stack Developer 채용 (경력),/zf_user/jobs/relay/view?view_type=list&rec_idx=54063230
(주)클래스어라운드,풀스택 개발자 Full Stack Developer 채용 (경력),/zf_user/jobs/relay/view?view_type=list&rec_idx=54063095
(주)대건소프트,(주)대건소프트 소프트웨어 개발자 채용 (신입/경력),/zf_user/jobs/relay/view?view_type=list&rec_idx=54062585
씨제이푸드빌(주),[CJ푸드빌] 프론트엔드 개발자,/zf_user/jobs/relay/view?view_type=list&rec_idx=54062584
(주)이투비비,하드웨어 엔지니어 경력 채용,/zf_user/jobs/relay/view?view_type=list&rec_idx=53843404
모바일센 주식회사,flutter 모바일 및 Java Spring 백엔드 개발 모집,/zf_user/jobs/relay/view?view_type=list&rec_idx=54004234
(주)에이스이앤티,[경력직] WEB 개발자 모집,/zf_user/jobs/relay/view?view_type=list&rec_idx=54062041
(주)제이투이,[JAVA SI 잠실] 제휴통합플랫폼 구축 (1),/zf_user/jobs/relay/view?view_type=list&rec_idx=54044649
(주)온택트헬스,백엔드 개발자 채용,/zf_user/jobs/relay/view?view_type=list&rec_idx=54027232
마드라스체크(주),[협업툴 플로우] 엔터프라이즈 개발자 (신입),/zf_user/jobs/relay/view?view_type=list&rec_idx=54061829
(주)지누켐,풀스택 웹 개발자 모집 (진주)(경력 3년 이상),/zf_user/jobs/relay/view?view_type=list&rec_idx=54061750
(주)지앤씨소프트코리아,[응용SW 개발자] Java/C# 개발 인턴/신입/경력직 채용,/zf_user/jobs/relay/view?view_type=list&rec_idx=54061567
(주)이즈원소프트,"보안 솔루션 개발자 (C#, JAVA) 신입 모집 공고",/zf_user/jobs/relay/view?view_type=list&rec_idx=54026845
(주)버텍스아이디,"[Smart Factory] MES,QMS플랫폼개발 관련 경력개발 (시니어)모집",/zf_user/jobs/relay/view?view_type=list&rec_idx=54061220
(주)지아이텍,코스닥 (주)지아이텍 연구개발/수질환경/인사/AX추진팀 채용,/zf_user/jobs/relay/view?view_type=list&rec_idx=53898989
(주)에스씨윈텍,(주)에스씨윈텍 온라인 플랫폼 기획·운영 담당자 채용 공고,/zf_user/jobs/relay/view?view_type=list&rec_idx=54060852
(주)팍트라인터내셔널,"[팍트라인터내셔널 IT법인] 물류개발자 - vue3, springboot",/zf_user/jobs/relay/view?view_type=list&rec_idx=54060629
(주)조이컴퍼니,(주)조이컴퍼니 신입 개발자 채용 공고,/zf_user/jobs/relay/view?view_type=list&rec_idx=54060504
(주)에이드로,adro 풀스택 웹 개발자 신규채용,/zf_user/jobs/relay/view?view_type=list&rec_idx=54060489
(주)비플러스헬스케어,[비플러스헬스케어] 프론트엔드 경력 개발자 채용,/zf_user/jobs/relay/view?view_type=list&rec_idx=53806804
(주)비플러스헬스케어,[경력] 풀스택 경력 개발자 모집합니다.,/zf_user/jobs/relay/view?view_type=list&rec_idx=53806907
(주)티오에스코리아,[송도/중견기업/제조IT] 사내 시스템 운영 및 보안 관리 채용,/zf_user/jobs/relay/view?view_type=list&rec_idx=54060027
(주)망고시스템즈,[경남 사천 한국 항공] 유지보수(SM) 신입 개발자 채용,/zf_user/jobs/relay/view?view_type=list&rec_idx=54059996
(주)케이씨넷,[KCNET] 관세청 프로그램 품질관리 담당자 모집[대전],/zf_user/jobs/relay/view?view_type=list&rec_idx=54026472
마스터인사이트,마스터인사이트 전략영업(기획·전략) 채용 공고,/zf_user/jobs/relay/view?view_type=list&rec_idx=54059914
(주)신보,"전산팀 개발, 전산관리 경력 (6~10년)",/zf_user/jobs/relay/view?view_type=list&rec_idx=53964613
(주)리프데이터솔루션,풀스택 개발자,/zf_user/jobs/relay/view?view_type=list&rec_idx=54059354
(주)코아아이티,한국기술교육대학교 유지보수 상주(천안) SI개발자 채용합니다.,/zf_user/jobs/relay/view?view_type=list&rec_idx=54058996
(주)디오,(주)디오 SW개발팀 Windows Application 개발 및 유지보수 담당,/zf_user/jobs/relay/view?view_type=list&rec_idx=54058912
워크핏(주),스마트팩토리 MES 개발 담당자 채용,/zf_user/jobs/relay/view?view_type=list&rec_idx=54058833
(주)아성,(주)아성에서 함께 성장할 AI 개발자를 찾고 있어요,/zf_user/jobs/relay/view?view_type=list&rec_idx=54058737
(주)바이칼에이아이,[바이칼AI] 웹/앱 풀스택 개발자 영입 (경력 3년 이상),/zf_user/jobs/relay/view?view_type=list&rec_idx=54003113
㈜동성화인텍,[동성화인텍] 시스템개발 및 운영관리자 채용,/zf_user/jobs/relay/view?view_type=list&rec_idx=54058278
(주)미뷰,[풀스택] 뷰티/성형 웹 개발자 모집,/zf_user/jobs/relay/view?view_type=list&rec_idx=54044955
(주)글루가,[ohora] 생산기획팀 IT 시스템 개발 및 운영 담당자,/zf_user/jobs/relay/view?view_type=list&rec_idx=54057860
비컴솔루션(주),2026년 비컴솔루션(주) 공장자동화(이천) 개발부문 채용,/zf_user/jobs/relay/view?view_type=list&rec_idx=54057617
(주)퀀텀에이아이,(주)퀀텀에이아이 금융권 프로젝트 Java Spring Boot 개발자 경력 채용 공고,/zf_user/jobs/relay/view?view_type=list&rec_idx=54057601
(주)한국글로발로지스틱스시스템,"시스템 운영/개발 신입 및 경력 직원 모집 (AWS, JAVA 기반)",/zf_user/jobs/relay/view?view_type=list&rec_idx=54057492
(주)평행,(주)평행 React 기반 웹 프론트엔드 개발자 채용 공고,/zf_user/jobs/relay/view?view_type=list&rec_idx=54043049
(주)인터엠디컴퍼니,인터엠디컴퍼니 개발팀(Java 웹 개발) 채용,/zf_user/jobs/relay/view?view_type=list&rec_idx=54057042
한국정보공학(주),[한국정보공학] AI 개발 부문 경력직 채용,/zf_user/jobs/relay/view?view_type=list&rec_idx=54057013
(주)다이퀘스트,[다이퀘스트] 데이터 분석 및 지식 구축 계약직 모집,/zf_user/jobs/relay/view?view_type=list&rec_idx=54056962
(주)비바이노베이션,Web Frontend Developer,/zf_user/jobs/relay/view?view_type=list&rec_idx=53964162
(주)비즈앤뱅크,JAVA 신입개발자 모집합니다.,/zf_user/jobs/relay/view?view_type=list&rec_idx=54056771
(주)에스에프존,"(주)에스에프존 소프트웨어(.Net C#, JAVA) 개발 인력 추가 채용",/zf_user/jobs/relay/view?view_type=list&rec_idx=54056763
(주)바틀,(주)바틀 개발 인턴 채용 컴퓨터공학 전공 필수,/zf_user/jobs/relay/view?view_type=list&rec_idx=54056634
주식회사해현,주식회사해현에서 총괄개발자를 모시고 있어요,/zf_user/jobs/relay/view?view_type=list&rec_idx=54056540
주식회사오픈시스,.Net(닷넷) 백엔드 개발자 경력 3년 이상,/zf_user/jobs/relay/view?view_type=list&rec_idx=54056491
(주)레그테크플래닛,스타트업과 같이 성장하실 Python 개발자 채용(경력),/zf_user/jobs/relay/view?view_type=list&rec_idx=53902323
(주)액스비스,[(주) 액스비스] 기술연구소 전부문 경력자 모집,/zf_user/jobs/relay/view?view_type=list&rec_idx=54056342
(주)블루라이언스,플랫폼 서비스(App+Web) 프론트 개발자 경력자 채용,/zf_user/jobs/relay/view?view_type=list&rec_idx=54055652
창의융합과학(주),AI 기반 앱 서비스 개발자,/zf_user/jobs/relay/view?view_type=list&rec_idx=54055187
(주)무한정보기술,AI 개발자 채용(바이브코딩),/zf_user/jobs/relay/view?view_type=list&rec_idx=54055113
(주)쓰리아이,iOS 개발자 모집,/zf_user/jobs/relay/view?view_type=list&rec_idx=54055094
(사)한국물가정보,[주4.5일제](사)한국물가정보 플랫폼DS부 개발자 모집,/zf_user/jobs/relay/view?view_type=list&rec_idx=54055030
(주)하버맥스,(주)하버맥스 웹/앱 및 HW/SW 개발자 채용,/zf_user/jobs/relay/view?view_type=list&rec_idx=53945308
(주) 비스타컴,(주) 비스타컴 R&D AI SW 엔지니어 모집,/zf_user/jobs/relay/view?view_type=list&rec_idx=54054776
(주)가온아이,(주)가온아이 JAVA 및 전자정부시스템 개발자 모집,/zf_user/jobs/relay/view?view_type=list&rec_idx=54054300
(주)원메디코,[(주)원텍 관계사] H/W 개발 엔지니어(경력직) 모집,/zf_user/jobs/relay/view?view_type=list&rec_idx=53983760
(주)더막스컴퍼니,[IoT 플랫폼 구축 및 R&D 개발] 진취적인 인재를 모집합니다,/zf_user/jobs/relay/view?view_type=list&rec_idx=54054141
주식회사 엑스홀딩스,AI-Driven 프론트엔드 엔지니어 / 테크니컬 PM,/zf_user/jobs/relay/view?view_type=list&rec_idx=54053642
주식회사 디플로,연구기획·웹/앱 개발 경력직 채용,/zf_user/jobs/relay/view?view_type=list&rec_idx=54052972
(주)포켓클래스,[포켓클래스] LMS / 교육 플랫폼 개발자,/zf_user/jobs/relay/view?view_type=list&rec_idx=54050544
(주)팀플백,(주)팀플백 AI 에듀테크 서비스를 함께 만들어 갈 개발자 모집,/zf_user/jobs/relay/view?view_type=list&rec_idx=54022829
조이팩토리(주),2026년 신입사원 채용 (IT부문),/zf_user/jobs/relay/view?view_type=list&rec_idx=54049853
(주)지란지교에스앤씨,"웹 개발자(경력직) 모집 (JAVA, Vue.js, Spring)",/zf_user/jobs/relay/view?view_type=list&rec_idx=54049334
(주)나온소프트,프로젝트 관리자 모집,/zf_user/jobs/relay/view?view_type=list&rec_idx=54049298
(주)타임게이트,IT 프로젝트 관리 (PMO) 경력직 채용,/zf_user/jobs/relay/view?view_type=list&rec_idx=54048496
(주)엠앤이,[트렐레보그/외국계] ERP Operation 담당자 채용 (정규직),/zf_user/jobs/relay/view?view_type=list&rec_idx=54048447
㈜세송아이티,금융권 AI 금융상담시스템 대응개발,/zf_user/jobs/relay/view?view_type=list&rec_idx=54048386
(주)엔티엘헬스케어,SW 개발자 경력자 채용(React/Vue · Spring Boot · AWS),/zf_user/jobs/relay/view?view_type=list&rec_idx=54048158
(주)하나로티앤에스,2026년 로지스밸리그룹 하나로TNS 글로벌영업 관리 채용,/zf_user/jobs/relay/view?view_type=list&rec_idx=54048131
퀀텀빌더스주식회사(QuantumBuildersCorp.),통신사 결제 프로젝트 프리랜서 모집 (0명),/zf_user/jobs/relay/view?view_type=list&rec_idx=54048065
리딩투자증권(주),[리딩투자증권] IT개발팀 경력직 채용,/zf_user/jobs/relay/view?view_type=list&rec_idx=54047870
(주)소리튠,AI Product Developer (또는 AI Product Engineer),/zf_user/jobs/relay/view?view_type=list&rec_idx=54047784
(주)티이에프,기업부설연구소 연구원 모집(SW개발),/zf_user/jobs/relay/view?view_type=list&rec_idx=54047613
(주)큐뱅,(주)큐뱅 JAVA 기반 백엔드 개발자 채용 (경력),/zf_user/jobs/relay/view?view_type=list&rec_idx=54047573
주식회사 로보다인시스템,AIoT교육플랫폼 웹서비스 기획자 채용,/zf_user/jobs/relay/view?view_type=list&rec_idx=54047481
(주)리프데이터솔루션,시니어 백엔드 개발자,/zf_user/jobs/relay/view?view_type=list&rec_idx=54047377
(주)범일정보,(주)범일정보와 함께 SI 개발을 해요,/zf_user/jobs/relay/view?view_type=list&rec_idx=53786320
(주)드림아이디어소프트,[대구] Java 자바 백엔드 개발자 채용,/zf_user/jobs/relay/view?view_type=list&rec_idx=53772508
상상스토리(주),[상상스토리] 공공기관 시스템 개발 및 유지보수 경력개발자,/zf_user/jobs/relay/view?view_type=list&rec_idx=54047226
주식회사새린,AI 서비스 개발자 3년 이상,/zf_user/jobs/relay/view?view_type=list&rec_idx=54047143
(주)미소정보기술,[미소정보기술 대전R&D센터] 웹 어플리케이션 개발자(경력),/zf_user/jobs/relay/view?view_type=list&rec_idx=54046766
(주)셀파트너랩스,[셀파트너랩스] AI 커머스 스타트업에서 백엔드/AI 모집합니다.,/zf_user/jobs/relay/view?view_type=list&rec_idx=54046727
(주)에이아이태권도,[신입] AI 시대 에이전틱 개발자로 시작해보세요,/zf_user/jobs/relay/view?view_type=list&rec_idx=53707908
한국모바일인증(주),IT개발 및 운영 경력직 채용(10년 이상),/zf_user/jobs/relay/view?view_type=list&rec_idx=53769398
(주)오션정보기술,나라통계 개발자 채용의 건 (3년 이상 경력),/zf_user/jobs/relay/view?view_type=list&rec_idx=54046286
주식회사 대원정보문화,JAVA 개발자 채용,/zf_user/jobs/relay/view?view_type=list&rec_idx=54046217
(주)퐁,Frontend Developer(5년 이상),/zf_user/jobs/relay/view?view_type=list&rec_idx=54046212
㈜위피아,(경력) 웹 시스템 운영.유지보수 담당자 채용,/zf_user/jobs/relay/view?view_type=list&rec_idx=53921545
㈜위피아,(경력) 웹 프론트엔드/ 백엔드 개발자 (풀스택) 채용,/zf_user/jobs/relay/view?view_type=list&rec_idx=53921949
시선소프트(주),공공 정보시스템 구축 PM 및 PL,/zf_user/jobs/relay/view?view_type=list&rec_idx=54045883
시선소프트(주),공공정보시스템 IT 구축 개발자(정규직),/zf_user/jobs/relay/view?view_type=list&rec_idx=54045797
(주)쿡앱스,[CoreFoundation] 서버 프로그래머,/zf_user/jobs/relay/view?view_type=list&rec_idx=54045681
(주)바이오리서치에이아이,(주)바이오리서치에이아이 데이터엔지니어(신입/주니어) 채용,/zf_user/jobs/relay/view?view_type=list&rec_idx=54045676
(주)비즈테크아이,[LG CNS 자회사] SAP SM 모듈 운영 담당자 모집(경력),/zf_user/jobs/relay/view?view_type=list&rec_idx=54045359
(주)퓨전소프트,2026년 개발직 신입 및 경력사원 채용,/zf_user/jobs/relay/view?view_type=list&rec_idx=54044943
(주)이노시스컴퍼니,(주)이노시스컴퍼니 JAVA 신입/경력 개발자 모집,/zf_user/jobs/relay/view?view_type=list&rec_idx=54044379
(주)대덕파트너스,Forward Deployed Engineer 공공기관 프로젝트 경력 계약직 모집,/zf_user/jobs/relay/view?view_type=list&rec_idx=54044369
(주)에프앤가이드,(정규직 경력) 웹&모바일팀 웹서비스 운영 및 개발 담당자 모집,/zf_user/jobs/relay/view?view_type=list&rec_idx=53832458
오라클랜드,[오라클메디컬그룹] 까페24 쇼핑몰 구축 경력자 구인,/zf_user/jobs/relay/view?view_type=list&rec_idx=54043519
오라클랜드,[오라클메디컬그룹] 쇼피파이 쇼핑몰 구축 경력자 구인,/zf_user/jobs/relay/view?view_type=list&rec_idx=54043500
(주)플링캐스트,여성향 로맨스 콘텐츠 플랫폼 - 플링 : 웹 프론트엔드 개발자,/zf_user/jobs/relay/view?view_type=list&rec_idx=54043339
(주)레디츠,개발 직군 채용 : AI / 임베디드 / 어플리케이션 개발,/zf_user/jobs/relay/view?view_type=list&rec_idx=54043323
이노매니지먼트(주),[이노비즈버드(주)] 웹/서비스 개발 업무,/zf_user/jobs/relay/view?view_type=list&rec_idx=53986565
(주)로워드,(스타트업) 로워드 Front-End Engineer 채용 (신입/경력),/zf_user/jobs/relay/view?view_type=list&rec_idx=53888781
(주)세현아이씨티,인프라 통합 시스템 운영 개발자 채용 (프론트 개발 위주),/zf_user/jobs/relay/view?view_type=list&rec_idx=54042809
(주)투곰스,[경력무관] 웹 서비스 개발자 모집,/zf_user/jobs/relay/view?view_type=list&rec_idx=53738079
(주)스토리앤미디어,플랫폼서비스팀 앱서비스 담당 경력 채용,/zf_user/jobs/relay/view?view_type=list&rec_idx=54042776
컴즈(주),백엔드/AI 엔지니어 인재모집 (경력),/zf_user/jobs/relay/view?view_type=list&rec_idx=53903994
(주)인투액션,프로세스 거버넌스 및 프로세스 마이닝 솔루션 엔지니어 정규직,/zf_user/jobs/relay/view?view_type=list&rec_idx=54042478
"ABYSTEP Co., Ltd.",IT 엔지니어 정사원 모집(일본 나고야 근무),/zf_user/jobs/relay/view?view_type=list&rec_idx=54042427
바이엇(주),[B2B SaaS] 프론트엔드 개발자 신입 채용,/zf_user/jobs/relay/view?view_type=list&rec_idx=54042129
(주)랩투마켓,[전문연구요원] 협동로봇 / AMR / Vision 개발자 모집,/zf_user/jobs/relay/view?view_type=list&rec_idx=54032983
코리아노바(주),코리아노바(주) - 풀스택 개발 · 프로젝트관리자 PM,/zf_user/jobs/relay/view?view_type=list&rec_idx=54041055
(주)에스브이,"[SV그룹] AOS, iOS, Backend, Web Developer 시니어/주니어 모집",/zf_user/jobs/relay/view?view_type=list&rec_idx=54040929
(주)진성이디씨,(주)진성이디씨에서 창의적인 웹디자이너를 찾고 있어요,/zf_user/jobs/relay/view?view_type=list&rec_idx=54040708
(주)아람커뮤니케이션,[부산]PHP mysql 웹 개발자 모십니다.,/zf_user/jobs/relay/view?view_type=list&rec_idx=54040424
(주)엔소프트,(주)엔소프트에서 함께 할 소프트웨어 개발 (경력필수) 모집,/zf_user/jobs/relay/view?view_type=list&rec_idx=54040338
매드업,[개발 본부] SRE 채용,/zf_user/jobs/relay/view?view_type=list&rec_idx=53800712
(주)디노텍,(주)디노텍 풀-스택(Full-stack) 개발자 (경력),/zf_user/jobs/relay/view?view_type=list&rec_idx=54039794
(주)세아소프트,.NET(닷넷) / Web(웹) 개발자 모집,/zf_user/jobs/relay/view?view_type=list&rec_idx=54039758
(주)가시,2026년 상반기 인재 채용 - 기술운영/지원(SM)업무 개발자 채용,/zf_user/jobs/relay/view?view_type=list&rec_idx=53970392
(주)우리시스템,웹/앱 유지보수 고객 대응 및 신규 AI프로젝트 개발 인원모집,/zf_user/jobs/relay/view?view_type=list&rec_idx=54039676
(주)일주지앤에스,(주)일주지앤에스 IT개발자(금융SI) 경력 채용 공고,/zf_user/jobs/relay/view?view_type=list&rec_idx=54039520
(주)제이투이,[JAVA SI 서울] HR 인사시스템 구축 PL (4),/zf_user/jobs/relay/view?view_type=list&rec_idx=54039413
(주)엠클라우독,SW품질보증 엔지니어 채용,/zf_user/jobs/relay/view?view_type=list&rec_idx=53900822
NEZOT주식회사,"[일본]NEZOT 주식회사 Expert Programmer(Front-End, Back-End)",/zf_user/jobs/relay/view?view_type=list&rec_idx=54038691
(주)캐롯아이,MES 시스템 PM 채용,/zf_user/jobs/relay/view?view_type=list&rec_idx=53954536
(주)캐롯아이,사업개발(BD) 채용,/zf_user/jobs/relay/view?view_type=list&rec_idx=53699671
(주)키트웍스,백엔드 웹프로그래머 (7년 이상),/zf_user/jobs/relay/view?view_type=list&rec_idx=54023999
(주)인텍에프에이,SW개발 경력사원 채용,/zf_user/jobs/relay/view?view_type=list&rec_idx=54022222
(주)키트웍스,백엔드 웹프로그래머 (4-7년),/zf_user/jobs/relay/view?view_type=list&rec_idx=54023961
(주)카카오뱅크,SM 사업 관리 및 유지보수 담당자 (계약직),/zf_user/jobs/relay/view?view_type=list&rec_idx=53997401
크리스타비전(주),크리스타비전(주) 풀스택 개발자 채용,/zf_user/jobs/relay/view?view_type=list&rec_idx=53986788
㈜어빌리티시스템즈,국방/공공기관 SI 사업 PM,/zf_user/jobs/relay/view?view_type=list&rec_idx=53999032
레이라(주),[복덕빵] 풀스택 개발자(Node.js · React Native) 모집,/zf_user/jobs/relay/view?view_type=list&rec_idx=54037144
(주)애나,[송도] AI 에이전트 기반 백엔드 개발자 구인,/zf_user/jobs/relay/view?view_type=list&rec_idx=54036942
(주)메티소프트,[원격근무] AI 활용개발 팀장급 능력자 모십니다 Next.js,/zf_user/jobs/relay/view?view_type=list&rec_idx=54036939
주식회사 조이스,일본조이스(주) 프로그래머 및 시스템엔지니어 모집,/zf_user/jobs/relay/view?view_type=list&rec_idx=54036893
(주)한국씨엠씨,"IT 개발자 경력 직원 채용 공고(JAVA, SQL)",/zf_user/jobs/relay/view?view_type=list&rec_idx=54036722
(주)아이티포워드,[김천][신입][경력](주)아이티포워드 공공기관 유지관리 SI/SM,/zf_user/jobs/relay/view?view_type=list&rec_idx=54036561
에이치에스소프트(주),[대구지사] IT 개발자 출신 PM 채용,/zf_user/jobs/relay/view?view_type=list&rec_idx=54029994
(주)아이엠알,[울산]SW 개발 경력자 모집,/zf_user/jobs/relay/view?view_type=list&rec_idx=54035147
(주)비즈비,AI 플랫폼 개발자 모집,/zf_user/jobs/relay/view?view_type=list&rec_idx=54035057
(주)랩투마켓,[전문연구요원] 로봇 / AMR 관제 시스템 개발자 모집 (nodejs),/zf_user/jobs/relay/view?view_type=list&rec_idx=54034366
(주)인피니에이아이,신입/주니어 + Vue + 기능개선/신규사업,/zf_user/jobs/relay/view?view_type=list&rec_idx=54033707
(주)센트비,QA,/zf_user/jobs/relay/view?view_type=list&rec_idx=54013733
(주)아인잡,백엔드 개발자 (경력),/zf_user/jobs/relay/view?view_type=list&rec_idx=54000909
(주)아인잡,자사 HR Platform 서비스 개발팀장,/zf_user/jobs/relay/view?view_type=list&rec_idx=54000884
티투엘(주),고급 백엔드 설계 개발자(13~15년),/zf_user/jobs/relay/view?view_type=list&rec_idx=54011390
티투엘(주),중급 백엔드 개발자 (5~7년),/zf_user/jobs/relay/view?view_type=list&rec_idx=54011363
티투엘(주),중급 백엔드 개발자 (8~10년),/zf_user/jobs/relay/view?view_type=list&rec_idx=54011373
티투엘(주),고급 백엔드 설계 개발자(10~12년),/zf_user/jobs/relay/view?view_type=list&rec_idx=54011385
티투엘(주),고급 백엔드 설계 개발자(16~18년),/zf_user/jobs/relay/view?view_type=list&rec_idx=54011397
(주)컬쳐커넥트,ASP.NET 경력 개발자 모집,/zf_user/jobs/relay/view?view_type=list&rec_idx=54032420
비씨모빌리티(주),[비씨모빌리티] 주니어 웹·앱 개발자 채용 (1~2년차),/zf_user/jobs/relay/view?view_type=list&rec_idx=53973814
(주)에이엑스,[AX] AI 에이전트 교육 기획 파트너(기획자) 채용,/zf_user/jobs/relay/view?view_type=list&rec_idx=54030069
(주)위즈베라,"인증/보안 솔루션 프로젝트,기술지원,JAVA(JSP) 엔지니어",/zf_user/jobs/relay/view?view_type=list&rec_idx=53953909
코스모스소프트(주),코스모스소프트(주) SI 신입 개발자 정규직 채용 공고,/zf_user/jobs/relay/view?view_type=list&rec_idx=54029542
(주)퍼스트밸류,핀테크 스타트업] Java 서버/백엔드 개발자 채용,/zf_user/jobs/relay/view?view_type=list&rec_idx=54029371
(주)티와이엘,[티와이엘] 공공기관 정보시스템 개발자 모집 (대전/세종),/zf_user/jobs/relay/view?view_type=list&rec_idx=54029255
(주)넵튠,솔루션개발실 백엔드개발자,/zf_user/jobs/relay/view?view_type=list&rec_idx=54029120
㈜리드코프,(주)리드데이터시스템즈 개발팀 채용((주)리드코프 계열사),/zf_user/jobs/relay/view?view_type=list&rec_idx=54028434
(주)케이티씨에스,"[kt계열사/대기업] 보이스봇, 챗봇 저작 및 개발 담당자 채용",/zf_user/jobs/relay/view?view_type=list&rec_idx=54028320
(주)윈텍에스에이,(주)윈텍에스에이 스마트팩토리 풀스택 개발 경력자를 모십니다.,/zf_user/jobs/relay/view?view_type=list&rec_idx=54028081
(주)아이지아이코리아,"풀스택 웹 개발자(Full-stack Web Developer, 3년 이상)",/zf_user/jobs/relay/view?view_type=list&rec_idx=54027984
(주)고투엑스코리아,(주)레버리지히어로 AI서비스 · 바이브 코딩 빌더 인턴 채용 공고,/zf_user/jobs/relay/view?view_type=list&rec_idx=54027964
㈜시스웨어,ERP부문 컨설턴트 및 개발자 - 신입사원(2026년 하반기),/zf_user/jobs/relay/view?view_type=list&rec_idx=54027733
(주)타이드플로,[나주 혁신도시] JAVA/JSP 백엔드 개발자 채용 (신입/경력),/zf_user/jobs/relay/view?view_type=list&rec_idx=54027687
시계거래소(주),PHP 개발자 채용,/zf_user/jobs/relay/view?view_type=list&rec_idx=54027271
(주)세스코,(주)세스코 시스템 개발/운영 담당자 채용,/zf_user/jobs/relay/view?view_type=list&rec_idx=54010686
(주)오스랩스,웹(Front-End) 개발자 모집,/zf_user/jobs/relay/view?view_type=list&rec_idx=53613420
알이디티(주),C# 응용 소프트웨어 개발자 (신입/경력),/zf_user/jobs/relay/view?view_type=list&rec_idx=53964523
(주)케파스,SI/SM 개발 경력자 모집-PM/PL/개발자(제안서 경험 우대),/zf_user/jobs/relay/view?view_type=list&rec_idx=54026774
(주)파이오링크,WEBFRONT-K 웹보안기능 / 시그니처개발,/zf_user/jobs/relay/view?view_type=list&rec_idx=53886292
(주)파이오링크,어플리케이션 및 클라우드 개발,/zf_user/jobs/relay/view?view_type=list&rec_idx=53886325
(주)에이엑스,[AX] AI 에이전트 개발자 채용,/zf_user/jobs/relay/view?view_type=list&rec_idx=54025857
(주)유디,(주)유디 전산팀 팀원 모집합니다.,/zf_user/jobs/relay/view?view_type=list&rec_idx=54024790
(주)소르테크,[소르테크] Java Back-End 개발(신입/경력) 채용,/zf_user/jobs/relay/view?view_type=list&rec_idx=53998885
(주)아이트럭,프론트엔드 하이브리드 앱 개발자 (React / Ionic) 채용,/zf_user/jobs/relay/view?view_type=list&rec_idx=54004689
(주)라인정보통신,"나주혁신도시 [한전 KDN] PHP개발자 모집[SM,SI]",/zf_user/jobs/relay/view?view_type=list&rec_idx=54023663
주식회사슈튜(SyuTyu),함께하실 Unity(유니티)개발자 모집합니다.,/zf_user/jobs/relay/view?view_type=list&rec_idx=54023612
(주)그린에이아이,(주)그린에이아이 플랫폼 풀스택 개발자 모집,/zf_user/jobs/relay/view?view_type=list&rec_idx=53639421
퓨렌스(주),[퓨렌스] JAVA 백엔드 경력 개발자 채용 (1년~3년),/zf_user/jobs/relay/view?view_type=list&rec_idx=54023383
상상스토리(주),[상상스토리] 공공기관 시스템 개발/유지보수 경력개발자 채용,/zf_user/jobs/relay/view?view_type=list&rec_idx=54023019
(주)매그넘브릿지,(주)매그넘브릿지 SW 개발자 경력 사원 모집,/zf_user/jobs/relay/view?view_type=list&rec_idx=53589834
(주)매그넘브릿지,(주)매그넘브릿지 OutSystems 개발 부문 경력사원 모집,/zf_user/jobs/relay/view?view_type=list&rec_idx=53846034
(주)아이티공간,웹 앱 챗봇 플랫폼 AI 예지보전 인공지능 프로그램 개발,/zf_user/jobs/relay/view?view_type=list&rec_idx=54022926
주식회사인사이트노바,"공공부문 SI 시스템 분석설계자 (1명), 개발자 (1명)",/zf_user/jobs/relay/view?view_type=list&rec_idx=53978419
(주)에스피파트너스,경기도 공공기관 정보시스템 운영 개발 경력직 채용,/zf_user/jobs/relay/view?view_type=list&rec_idx=54022146
(주)한샘가온,R&D과제 프로젝트 매니저(PM)/기술운영 담당자 채용(병역특례),/zf_user/jobs/relay/view?view_type=list&rec_idx=54022122
(주)아이티공간,AI 데이터분석 및 AI 활용 응용 프로그램개발,/zf_user/jobs/relay/view?view_type=list&rec_idx=53969292
(주)라온솔루션,소프트웨어개발자 신입 채용,/zf_user/jobs/relay/view?view_type=list&rec_idx=53989294
쏘테크(주),쏘테크 스마트혁신부문 경력 채용,/zf_user/jobs/relay/view?view_type=list&rec_idx=53804423
(주)에스피코리아,백엔드 개발자(4~6년),/zf_user/jobs/relay/view?view_type=list&rec_idx=53981282
(주)에스피코리아,백엔드 개발자(7년 이상),/zf_user/jobs/relay/view?view_type=list&rec_idx=53981289
(주)엑소시스템즈,디지털헬스케어 플랫폼 SW개발자,/zf_user/jobs/relay/view?view_type=list&rec_idx=53998183
(주)에스피코리아,게임 개발자(1~3년),/zf_user/jobs/relay/view?view_type=list&rec_idx=53981259
(주)에스피코리아,게임 개발자(4~6년),/zf_user/jobs/relay/view?view_type=list&rec_idx=53981267
(주)에스피코리아,백엔드 개발자(1~3년),/zf_user/jobs/relay/view?view_type=list&rec_idx=53981279
(주)에스피코리아,게임 개발자(7년 이상),/zf_user/jobs/relay/view?view_type=list&rec_idx=53981273
주식회사이든웍스,"[케이뱅크] 계정계 대응 개발, WebSquare 화면 개발",/zf_user/jobs/relay/view?view_type=list&rec_idx=54017699
(주)할로와,(주)할로와 React Native/React 개발자 모집,/zf_user/jobs/relay/view?view_type=list&rec_idx=54017509
(주)할로와,할로와 AI·IoT 연동 백엔드 엔지니어,/zf_user/jobs/relay/view?view_type=list&rec_idx=54017507
(주)에스엠소프트랩,"Windows App (C, C++, MFC) 프리랜서를 모십니다.",/zf_user/jobs/relay/view?view_type=list&rec_idx=54017348
(주)씨이랩,[경력] Vision AI 분석엔진 코어 개발 및 유지보수,/zf_user/jobs/relay/view?view_type=list&rec_idx=54017258
(주)에이치씨엔씨,(주)에이치씨엔씨 공공사업부 IT개발·데이터 인재를 찾고 있어요,/zf_user/jobs/relay/view?view_type=list&rec_idx=54017191
(주)엘핀,"풀스택 개발자 채용(React, React Native, Go, Spring Boot)",/zf_user/jobs/relay/view?view_type=list&rec_idx=54016963
(주)케이솔루션즈,제조솔루션(MES/FEMS) 개발자 채용 공고,/zf_user/jobs/relay/view?view_type=list&rec_idx=54016955
(주)세라젬,[세라젬] 홈페이지 운영담당(계약직) 모집,/zf_user/jobs/relay/view?view_type=list&rec_idx=54001733
(주)테이아,(주)테이아 AI 솔루션팀 경력직 모집,/zf_user/jobs/relay/view?view_type=list&rec_idx=54016726
(주)휴머스온,[휴머스온] AI Agent 개발자 채용,/zf_user/jobs/relay/view?view_type=list&rec_idx=54016677
메가존클라우드(주),Full-Stack / Back-end Developer 채용,/zf_user/jobs/relay/view?view_type=list&rec_idx=53612161
(주)에이전트에이아이랩스,AI 법률 상담 서비스 / 서비스 개발자 모집 (경력 3년 이상),/zf_user/jobs/relay/view?view_type=list&rec_idx=54016436
(주)플레이웍스,AI 및 라이브 기반 반려동물 양육 플랫폼 백엔드 개발자 채용,/zf_user/jobs/relay/view?view_type=list&rec_idx=53915048
메가존클라우드(주),"Cloud Architect (China, Azure, K-Cloud) 채용",/zf_user/jobs/relay/view?view_type=list&rec_idx=53942508
(주)플레이웍스,AI 및 라이브 기반 반려동물 양육 플랫폼 프론트엔드 개발자채용,/zf_user/jobs/relay/view?view_type=list&rec_idx=53992050
(주)에스피메드,사내 IT 시스템·인프라 운영 담당자,/zf_user/jobs/relay/view?view_type=list&rec_idx=54015757
(주)화영,주식회사 화영 판교연구소 개발자 경력직 채용,/zf_user/jobs/relay/view?view_type=list&rec_idx=53859126
(주)제이비티,(주)제이비티 시스템 개발자 정규직 채용,/zf_user/jobs/relay/view?view_type=list&rec_idx=54015338
(주)히츠,[히츠] DevOps Engineer,/zf_user/jobs/relay/view?view_type=list&rec_idx=54015139
(주)포니링크,[포니링크/링크아이(자회사)] PM급(고급) 개발자,/zf_user/jobs/relay/view?view_type=list&rec_idx=54014904
(주)포니링크,[포니링크/링크아이(자회사)] 웹 개발자 고급 이상,/zf_user/jobs/relay/view?view_type=list&rec_idx=54014814
(주)디엔지컴퍼니,[정규직/과장급] sk하이닉스 그룹공동시스템 운영(중급 / react),/zf_user/jobs/relay/view?view_type=list&rec_idx=54014389
월드앤뉴월드저널,영상 콘텐츠 제작 및 소셜 미디어 운영 담당,/zf_user/jobs/relay/view?view_type=list&rec_idx=54014059
(주)위지언,대학교 종합정보시스템 운영 및 유지보수 엔지니어 채용,/zf_user/jobs/relay/view?view_type=list&rec_idx=53820828
(주)엔디소프트,2026년도 엔디소프트 운용부문 채용공고,/zf_user/jobs/relay/view?view_type=list&rec_idx=54013726
(주)엔디소프트,2026년도 엔디소프트 운용부문 채용,/zf_user/jobs/relay/view?view_type=list&rec_idx=54013710
(주)엔디소프트,2026년도 엔디소프트 개발부문 채용공고,/zf_user/jobs/relay/view?view_type=list&rec_idx=54013647
(주)엔디소프트,2026년도 엔디소프트 개발부문 채용,/zf_user/jobs/relay/view?view_type=list&rec_idx=54013618
(주)심스리얼리티,[심스리얼리티] 신입 SW개발자&시스템개발자 계약직 모집 (사천),/zf_user/jobs/relay/view?view_type=list&rec_idx=53684918
(주)케이씨넷,[KCNET] 전자물류 시스템 개발자 채용(서울),/zf_user/jobs/relay/view?view_type=list&rec_idx=54013351
(주)지오앤,"[지오앤] 웹 개발 경력자를 모집해요 (세종/ 2년이상, 5년이하)",/zf_user/jobs/relay/view?view_type=list&rec_idx=53954048
(주)에이텍모빌리티,[세종] SW개발 경력사원 채용,/zf_user/jobs/relay/view?view_type=list&rec_idx=54013117
(주)지오앤,"[지오앤] 웹 개발 경력자를 모집해요 (세종, 10년 이상)",/zf_user/jobs/relay/view?view_type=list&rec_idx=54013076
(주)더그림엔터테인먼트,[박태준만화회사] AI 기반 웹툰 제작 자동화 개발자 모집,/zf_user/jobs/relay/view?view_type=list&rec_idx=54012802
바이너리어스주식회사(BinaryusCompany),2026(상) 2기 SDV AI Full-stack 개발 채용,/zf_user/jobs/relay/view?view_type=list&rec_idx=54012745
바이너리어스주식회사(BinaryusCompany),2026(상) 2기 SDV Platform SW 개발 채용,/zf_user/jobs/relay/view?view_type=list&rec_idx=54012659
(주)쓰리에이치에스,[나주혁신도시 근무] 3년차 이상 개발자 (경력 10년이하),/zf_user/jobs/relay/view?view_type=list&rec_idx=54012559
지엔터프라이즈(주),데이터 사이언티스트(Data Scientist),/zf_user/jobs/relay/view?view_type=list&rec_idx=53722086
(주)에프제이비시스템,풀스택을 지향하는 신입 개발자 채용중,/zf_user/jobs/relay/view?view_type=list&rec_idx=54012282
엠엠피아이(주),엠엠피아이(주) 웹프로그래머 경력사원 채용 공고,/zf_user/jobs/relay/view?view_type=list&rec_idx=54012055
(주)피플벤처스,자사 플랫폼 서비스 PBX 개발자 채용,/zf_user/jobs/relay/view?view_type=list&rec_idx=53999505
대한에프에이시스템(주),"C#, ASP.NET, JAVA 개발 (신입) 모집합니다",/zf_user/jobs/relay/view?view_type=list&rec_idx=54011596
(주)안다미컴퍼니,"(경력) 솔루션 개발 및 유지보수 (Vue.js, JAVA)",/zf_user/jobs/relay/view?view_type=list&rec_idx=54011591
(주)컴나래소프트,"php, Vue.js 개발자 모십니다.",/zf_user/jobs/relay/view?view_type=list&rec_idx=54011460
비에스지파트너스,[BSG] SAP ERP 구축 및 운영 컨설턴트 (경력),/zf_user/jobs/relay/view?view_type=list&rec_idx=54011050
(주)한국기업보안,프론트엔드 개발자 채용(경력직),/zf_user/jobs/relay/view?view_type=list&rec_idx=54011005
(주)비앤씨파트너스,세무 ERP·세무플랫폼 구축 백엔드/풀스택 개발자 채용,/zf_user/jobs/relay/view?view_type=list&rec_idx=54010736
이너뷰,[이너뷰] 퍼블리셔 경력직 모집(4.5일제 운영),/zf_user/jobs/relay/view?view_type=list&rec_idx=54010693
(주)브릿지코드,(주)브릿지코드에서 AI 풀스택 엔지니어를 모십니다.,/zf_user/jobs/relay/view?view_type=list&rec_idx=53967536
토요타파이낸셜서비스코리아(주),금융부문 웹 애플리케이션 구축 프로젝트 관리 및 개발/운영담당,/zf_user/jobs/relay/view?view_type=list&rec_idx=54010590
(주)포스타입,[포스타입] 백엔드 엔지니어 경력 채용,/zf_user/jobs/relay/view?view_type=list&rec_idx=54010586
(주)블루소프트,차세대 교육 플랫폼 '코스모스 LXP'를 리딩할 PHP (경력)개발자,/zf_user/jobs/relay/view?view_type=list&rec_idx=54009970
(주)퍼브,(주)퍼브 SAP HR 전문 ABAP 개발자 프리랜서 채용,/zf_user/jobs/relay/view?view_type=list&rec_idx=54009818
(주)에니아소프트,[정규직] JAVA/SPRING/PHP 웹 개발자 모집,/zf_user/jobs/relay/view?view_type=list&rec_idx=54009701
에이치엔아이엑스(주),[HNIX] HL만도 PLM 운영 및 관리(판교 근무),/zf_user/jobs/relay/view?view_type=list&rec_idx=54009623
(주)지엠피아이티,"ERP개발1~20년차회계,인사.,노무 개발팀장급,경력우대(c#,java)",/zf_user/jobs/relay/view?view_type=list&rec_idx=54009596
뉴클(주),AI기반 풀스택 프로덕트 크리에이터-기획에서 개발 배포운영까지,/zf_user/jobs/relay/view?view_type=list&rec_idx=53809214
세계로안전(주),세계로안전(주) 인터넷 홈페이지 개발 구축 웹디 상품판매 MRO사원 모집,/zf_user/jobs/relay/view?view_type=list&rec_idx=54009353
(주)폴라리스쓰리디,자율주행로봇 관제시스템 백엔드(서울),/zf_user/jobs/relay/view?view_type=list&rec_idx=53989047
(주)라온솔루션,소프트웨어개발자 경력자 채용,/zf_user/jobs/relay/view?view_type=list&rec_idx=53989347
(주)폴라리스쓰리디,자율주행로봇 관제시스템 백엔드(포항),/zf_user/jobs/relay/view?view_type=list&rec_idx=53989115
(주)세미티에스,[사세 확장] 세미티에스 각 부서별 정규직 채용,/zf_user/jobs/relay/view?view_type=list&rec_idx=53592486
(주)칸코드,[AX연구팀] 영상분석 플랫폼 백엔드 개발자 채용,/zf_user/jobs/relay/view?view_type=list&rec_idx=53935132
(주)위펀,[위펀] 백엔드 개발 엔지니어 (시니어급/8년이상),/zf_user/jobs/relay/view?view_type=list&rec_idx=53980852
(주)위펀,[위펀] 프론트엔드 개발 (Frontend/React),/zf_user/jobs/relay/view?view_type=list&rec_idx=53980851
(주)위펀,[위펀] 백엔드 개발 엔지니어 (미들급/5년이상),/zf_user/jobs/relay/view?view_type=list&rec_idx=53980848
(주)글로벌비전,AI 개발자 ( 주식증권 가상화폐 분석 매매 ) 경험자 채용합니다,/zf_user/jobs/relay/view?view_type=list&rec_idx=54006601
위킵 주식회사,[구로] 개발팀 Java 개발자 신규 채용,/zf_user/jobs/relay/view?view_type=list&rec_idx=54004591
(주)블랙라임,고(故)팀장 백엔드 개발자 채용 (경력 5년이상),/zf_user/jobs/relay/view?view_type=list&rec_idx=53591426
이지팩토리(주),[이지팩토리] JAVA 웹 개발자 경력직 채용 공고,/zf_user/jobs/relay/view?view_type=list&rec_idx=54004495
(주)그라비티,[그라비티] Front-end 개발자 경력 채용,/zf_user/jobs/relay/view?view_type=list&rec_idx=54003795
(주) 비알팜,2026년 비알팜 신입/경력 수시채용,/zf_user/jobs/relay/view?view_type=list&rec_idx=53864728
(주)더그리트,[(주)더그리트] 프론트 개발자(React) 채용 (경력),/zf_user/jobs/relay/view?view_type=list&rec_idx=54003499
(주)마이크로인피니티,㈜마이크로인피니티 수원사업장 정규 모집,/zf_user/jobs/relay/view?view_type=list&rec_idx=53604888
주식회사 하이파킹,모빌리티 & 에이전틱 AI 서비스 개발자 경력 채용,/zf_user/jobs/relay/view?view_type=list&rec_idx=54002735
(주)가람아이티,JAVA 개발 경력자(팀장급) 채용 공고,/zf_user/jobs/relay/view?view_type=list&rec_idx=53621427
(주)제이투이,[JAVA SI 서울역] 운송관리시스템(TMS) 고도화 개발 (3),/zf_user/jobs/relay/view?view_type=list&rec_idx=54002345
(주)비지언스,전자정부 표준프레임워크 백엔드 개발자 채용 공고,/zf_user/jobs/relay/view?view_type=list&rec_idx=54002253
(주)블루앤,.NET CORE WEB 개발자 모집,/zf_user/jobs/relay/view?view_type=list&rec_idx=53605099
디아이티㈜,[신입 - 4년 이하] 사내 업무용 소프트웨어 개발자,/zf_user/jobs/relay/view?view_type=list&rec_idx=54002077
(주)스마트인테크,(주)스마트인테크 통신사 시스템 개발 및 운영 경력 채용 공고,/zf_user/jobs/relay/view?view_type=list&rec_idx=54001845
(주)아이피나우,웹서비스 풀스택 개발자 채용,/zf_user/jobs/relay/view?view_type=list&rec_idx=54001784
(주)슈퍼스타트,(주)슈퍼스타트 시스템 개발 및 운영 경력 개발자 채용 공고,/zf_user/jobs/relay/view?view_type=list&rec_idx=54001769
한국오피스컴퓨터㈜,은행 프로그램 테스트 전산 직원 모집,/zf_user/jobs/relay/view?view_type=list&rec_idx=54001423
(주)매일경제신문사,매일경제신문사 IT운영팀 경력사원 모집,/zf_user/jobs/relay/view?view_type=list&rec_idx=54001417
(주)지스트아이티,(주)지스트아이티 JAVA 프론트·백엔드 프로젝트 계약직 채용,/zf_user/jobs/relay/view?view_type=list&rec_idx=54000830
(주)해인전자,(주)해인전자에서 MES 개발자 채용합니다,/zf_user/jobs/relay/view?view_type=list&rec_idx=54000591
(주)마이링크,[2026년 채용] Java Web 제조 솔루션 풀스택 개발자(서울),/zf_user/jobs/relay/view?view_type=list&rec_idx=53748298
주식회사 오늘이엔엠,㈜오늘이엔엠 I-게이밍사업부 개발 인력 모집 (Front/Back 개발),/zf_user/jobs/relay/view?view_type=list&rec_idx=54000460
주식회사 밥스누,밥스누 AI 기반 영양 및 건강 관리 서비스 앱 개발 담당자,/zf_user/jobs/relay/view?view_type=list&rec_idx=54000159
내풀로스(주),웹 개발자(SW개발자) 채용 공고,/zf_user/jobs/relay/view?view_type=list&rec_idx=53999346
(주)위루트파이낸셜,Flutter 개발자 모집 5년 이하 경력,/zf_user/jobs/relay/view?view_type=list&rec_idx=53998679
(주)이도,(주)YIDO IT사업팀 백엔드 / 웹 개발 리더 채용 (차-부장급),/zf_user/jobs/relay/view?view_type=list&rec_idx=53998546
(주)엠투엠솔루션,한국수자원공사 상주 근무 소프트웨어 개발자 채용 공고,/zf_user/jobs/relay/view?view_type=list&rec_idx=53998135
(주)피어스넷,개발/보안(DB/Web/Auth) 기술자 - [ 정규직 ],/zf_user/jobs/relay/view?view_type=list&rec_idx=53914815
(주)바이브컴퍼니,[계약직]문체부 정책홍보지원시스템 운영/개발 인력 채용,/zf_user/jobs/relay/view?view_type=list&rec_idx=53997748
국민대학교산학협력단,국민대학교 산학협력단(전산직) 계약직원 모집,/zf_user/jobs/relay/view?view_type=list&rec_idx=53997331
(주)엑소스피어랩스,[대전근무] B2B SaaS 백엔드 개발자 채용,/zf_user/jobs/relay/view?view_type=list&rec_idx=53997053
(주)데이터웍스,[경력] 웹/앱 서비스 기획자 (UI/UX) 채용,/zf_user/jobs/relay/view?view_type=list&rec_idx=53996997
(주)긴트,[긴트/경력] 소프트웨어 엔지니어 (Systems UI / 3D),/zf_user/jobs/relay/view?view_type=list&rec_idx=53995912
소프트웨어공작소,[소프트웨어공작소] 프론트엔드 프리랜서 개발자 채용,/zf_user/jobs/relay/view?view_type=list&rec_idx=53995534
(주)세르딕,[세르딕] 백엔드(AI 서비스) 개발자 채용,/zf_user/jobs/relay/view?view_type=list&rec_idx=53995507
주식회사홈즈글로벌,[스튜던트홈즈] 운영 자동화 · 웹 운영 파트타임 채용,/zf_user/jobs/relay/view?view_type=list&rec_idx=53995488
넛지헬스케어(주),[캐시워크] 데이터분석 담당 병역특례 대상자 모집,/zf_user/jobs/relay/view?view_type=list&rec_idx=53971489
넛지헬스케어(주),[캐시워크] QA담당 산업기능요원 모집 (병역특례),/zf_user/jobs/relay/view?view_type=list&rec_idx=53971503
(주)되고시스템,[SW개발] Web Full-Stack 경력 정규직 채용(책임 연구원급),/zf_user/jobs/relay/view?view_type=list&rec_idx=53916598
(주)꿀벌기획,병의원 경력직 디자이너(포트폴리오 필수),/zf_user/jobs/relay/view?view_type=list&rec_idx=53991832
(주)에스제이테크놀로지,개발팀장 모집(Java 10년 이상),/zf_user/jobs/relay/view?view_type=list&rec_idx=53991511
(주)쇼엠,[서울] 업무시스템 유지보수 및 개발 담당(경력직),/zf_user/jobs/relay/view?view_type=list&rec_idx=53991504
(주)엑심베이,EXIMPay+ 앱 개발자,/zf_user/jobs/relay/view?view_type=list&rec_idx=53565480
브레인크루(주),브레인크루(주)에서 Forward Deployed Engineer로 함께 만들어요,/zf_user/jobs/relay/view?view_type=list&rec_idx=53991090
(주)아이웹,(주)아이웹 26년 상반기 추가 웹/앱 플랫폼 개발자 모집,/zf_user/jobs/relay/view?view_type=list&rec_idx=53990999
든든한마케팅,종합광고대행사 든든한마케팅 바이브코딩 풀스텍 개발자,/zf_user/jobs/relay/view?view_type=list&rec_idx=53990901
(주)아크,[주식회사 아크] 프론트엔드 개발자 모집,/zf_user/jobs/relay/view?view_type=list&rec_idx=53990639
(주)키다리스튜디오,[다우키움 계열사] 플랫폼/AI 서비스 기획 담당 (3년 이상),/zf_user/jobs/relay/view?view_type=list&rec_idx=53990592
(주)리스트,"자바개발자, 인공지능 개발자 모집",/zf_user/jobs/relay/view?view_type=list&rec_idx=53967589
(주)샌즈랩,(주)샌즈랩 보안솔루션 AI연구 전문가 채용,/zf_user/jobs/relay/view?view_type=list&rec_idx=53990504
(주)에스지소프트,(주)에스지소프트 JAVA 개발자 모집(8개월 계약직 혹은 프리),/zf_user/jobs/relay/view?view_type=list&rec_idx=53990026
(주)케이트러커,[Senior] 케이트러커 앱/웹 서비스 개발 Lead,/zf_user/jobs/relay/view?view_type=list&rec_idx=53851350
(주)제이디원,백엔드 개발자 모집,/zf_user/jobs/relay/view?view_type=list&rec_idx=53989728
(주)공간과가치,교육 플랫폼 java 경력 개발자 모십니다,/zf_user/jobs/relay/view?view_type=list&rec_idx=53989693
(주)소프트힐스,Web기반 3D 모델 가시화 Full+Stack 개발자 모집 (경력5년이상),/zf_user/jobs/relay/view?view_type=list&rec_idx=53624174
(주)위지언,웹 개발자 채용(신입),/zf_user/jobs/relay/view?view_type=list&rec_idx=53989495
젬텍(주),Java / Web 개발자 경력직 채용 (5년 이상),/zf_user/jobs/relay/view?view_type=list&rec_idx=53989378
(주)내담씨앤씨,㈜내담씨앤씨 경력직 채용,/zf_user/jobs/relay/view?view_type=list&rec_idx=53989341
엔지니어스토리(유),[용산] XX사 MES 고도화 - 1명,/zf_user/jobs/relay/view?view_type=list&rec_idx=53989278
(주)이노에이엑스,AX 기술실 각 부문 채용,/zf_user/jobs/relay/view?view_type=list&rec_idx=53969640
(주)시선아이티,[부산/해운대] 시선아이티 부산사업부(SI/SM) 정규직 채용,/zf_user/jobs/relay/view?view_type=list&rec_idx=53989011
(주)메디브,(주)메디브 SW Web 개발자 1명 모집,/zf_user/jobs/relay/view?view_type=list&rec_idx=53988813
(주)딥아이,[딥아이] 프론트엔드 엔지니어 채용,/zf_user/jobs/relay/view?view_type=list&rec_idx=53932634
한국도키멕(주),[청년친화강소기업]AX 전환 담당자 신입 및 경력 채용,/zf_user/jobs/relay/view?view_type=list&rec_idx=53988766
주식회사 애드이피션시,AI-agent 및 Ad-Tech 솔루션 기획&개발자 모집,/zf_user/jobs/relay/view?view_type=list&rec_idx=53988721
(주)포멀웍스,[신입/경력] 현장 기술지원 및 필드 엔지니어 채용,/zf_user/jobs/relay/view?view_type=list&rec_idx=53988716
씨앤토트(주),소프트웨어 개발자 경력 모집 (1~3년 경력),/zf_user/jobs/relay/view?view_type=list&rec_idx=53988531
이투스교육(주),[이투스에듀] 온라인사업본부 데이터 프로덕트 엔지니어 채용,/zf_user/jobs/relay/view?view_type=list&rec_idx=53988428
(주)다이퀘스트,[코스닥 상장예정] JAVA 및 WEB 개발자 모집,/zf_user/jobs/relay/view?view_type=list&rec_idx=53773569
(주)대림,[(주)대림] IT 경력사원 신규 채용,/zf_user/jobs/relay/view?view_type=list&rec_idx=53988169
(주)이오앱스,백엔드 개발 프리랜서 모집 (Java/Spring),/zf_user/jobs/relay/view?view_type=list&rec_idx=53698083
든든한마케팅,종합광고대행사 든든한마케팅 바이브코딩 웹퍼블리셔 개발자,/zf_user/jobs/relay/view?view_type=list&rec_idx=53969543
(주)코어스택,공공 SI·SM·R&D 사업기획/제안 담당자 채용,/zf_user/jobs/relay/view?view_type=list&rec_idx=53988067
(주)패스파인더컴퍼니,(주)패스파인더컴퍼니 서버 경력 개발자 모집,/zf_user/jobs/relay/view?view_type=list&rec_idx=53987466
한국모바일인증(주),IT개발 및 운영 팀장급 채용,/zf_user/jobs/relay/view?view_type=list&rec_idx=53695314
(주)지엔이테크홀딩스,[신입/경력] 핀테크 웹 어플리케이션 개발자,/zf_user/jobs/relay/view?view_type=list&rec_idx=53987385
(주)위드네트웍스,공공기관 프로젝트 보안 개발자,/zf_user/jobs/relay/view?view_type=list&rec_idx=53921227
케이지아이씨티(주),[KG그룹-KG ICT] SI개발 및 기획,/zf_user/jobs/relay/view?view_type=list&rec_idx=53986945
(주)세르딕,[세르딕] 풀스택 개발자 채용,/zf_user/jobs/relay/view?view_type=list&rec_idx=53985827
(주)메인,(주)메인 JAVA 백엔드 개발자 경력 채용 공고입니다,/zf_user/jobs/relay/view?view_type=list&rec_idx=53985707
(주)호원소프트,호원소프트 개발팀 초급~중급 개발자 추가채용,/zf_user/jobs/relay/view?view_type=list&rec_idx=53985453
다이나미스,낚시용품 쇼핑몰관리(마케팅·기획·개발) 채용 공고,/zf_user/jobs/relay/view?view_type=list&rec_idx=53646669
(주)세스코,(주)세스코 DATA Engineer(데이터 엔지니어) 담당자 채용,/zf_user/jobs/relay/view?view_type=list&rec_idx=53985146
홍익정보기술(주),웹 개발자 경력자 채용,/zf_user/jobs/relay/view?view_type=list&rec_idx=53693158
(주)바능,개발 가능한 PM·PL 모집,/zf_user/jobs/relay/view?view_type=list&rec_idx=53985123
(주)클라우드플러그,프론트엔드 개발자(Frontend Developer) 신입/경력 채용,/zf_user/jobs/relay/view?view_type=list&rec_idx=53985020
(주)클러쉬,[고급] 클러쉬 FE/BE Full Stack 개발자 채용,/zf_user/jobs/relay/view?view_type=list&rec_idx=53984854
(주)모은정보기술,(주)모은정보기술 소프트웨어 개발 경력자 모집,/zf_user/jobs/relay/view?view_type=list&rec_idx=53984675
(주)모은정보기술,(주)모은정보기술 소프트웨어 개발 프리랜서 모집,/zf_user/jobs/relay/view?view_type=list&rec_idx=53984644
보나네트웍스 주식회사,[경력] PG 개발자 채용,/zf_user/jobs/relay/view?view_type=list&rec_idx=53984460
보나네트웍스 주식회사,[ERP개발팀] 프론트/백엔드 개발자(팀장급) 채용,/zf_user/jobs/relay/view?view_type=list&rec_idx=53984420
(주)제이투이,[JAVA SM 광화문역] HR시스템 유지보수 (4),/zf_user/jobs/relay/view?view_type=list&rec_idx=53984266
(주)되고시스템,[웹 개발 및 유지보수] JAVA 풀스택 개발자 경력 정규직 채용,/zf_user/jobs/relay/view?view_type=list&rec_idx=53916697
(주)세스코,(주)세스코 AI Engineer 담당자 채용,/zf_user/jobs/relay/view?view_type=list&rec_idx=53984050
주식회사글로시엘,신규 개발팀 신입 및 경력 풀스택 개발자 모집,/zf_user/jobs/relay/view?view_type=list&rec_idx=53722316
(주)웨인테크놀로지,[신입/경력] 핀테크 웹 개발자 모집,/zf_user/jobs/relay/view?view_type=list&rec_idx=53769954
(주)바이텍정보통신,[바이텍정보통신 나주지사] 정규직 웹 개발자 채용,/zf_user/jobs/relay/view?view_type=list&rec_idx=53983363
(주)마이링크,[마이링크] Java Web 부문 제조 솔루션 개발자 모집 (대전),/zf_user/jobs/relay/view?view_type=list&rec_idx=53921373
(주)와이에스시스템,"IT 신입, 경력사원 채용",/zf_user/jobs/relay/view?view_type=list&rec_idx=53981892
에스넷시스템(주),[서울] 개발 담당자 -Web 어플리케이션 (경력),/zf_user/jobs/relay/view?view_type=list&rec_idx=53981714
(주)브이티더블유,[vtw] SI 시스템 구축 PM급 개발자 채용,/zf_user/jobs/relay/view?view_type=list&rec_idx=53981378
(주)혜인에스앤에스,(주)혜인에스앤에스 소프트웨어 개발 및 성능 시험 채용 공고,/zf_user/jobs/relay/view?view_type=list&rec_idx=53981244
비전다이브,비전다이브 글로벌 포토 키오스크 솔루션 개발 경력 채용 공고,/zf_user/jobs/relay/view?view_type=list&rec_idx=53979938
(주)브레인트레이서,경력직 백엔드 개발자 채용 공고,/zf_user/jobs/relay/view?view_type=list&rec_idx=53979784
부산인터넷방송국,"Java, PHP, Python, CMS 웹응용프로그램 개발자 모집",/zf_user/jobs/relay/view?view_type=list&rec_idx=53979463
브이원에듀,"플랫폼 백엔드·결제 연동 개발자 (Firebase/Supabase, 토스)",/zf_user/jobs/relay/view?view_type=list&rec_idx=53979156
(주)엔앤피코리아,사내 솔루션 개발 신입 채용 - 정규직,/zf_user/jobs/relay/view?view_type=list&rec_idx=53808007
(주)넥스트코어테크놀로지,열정 가득한 풀스택[Full-Stack] AI 개발자 모집,/zf_user/jobs/relay/view?view_type=list&rec_idx=53978171
(주)센트비,Sr. Backend Engineer (Go/Java),/zf_user/jobs/relay/view?view_type=list&rec_idx=53966639
(주)디아이,"ERP 개발자(Delphi, ASP) 채용",/zf_user/jobs/relay/view?view_type=list&rec_idx=53966238
(주)씨엘정보기술,2026년 Java·JSP 신입&경력 채용 (SI/SM),/zf_user/jobs/relay/view?view_type=list&rec_idx=53977655
텐빌리언,프론트엔드 개발 경력 (2~5년),/zf_user/jobs/relay/view?view_type=list&rec_idx=53959750
(주)바능,파이썬 개발자 구인(6~9년),/zf_user/jobs/relay/view?view_type=list&rec_idx=53948041
(주)에스피에이치,B2B 프로젝트 개발팀 신입,/zf_user/jobs/relay/view?view_type=list&rec_idx=53948023
(주)바능,파이썬 개발자 구인(10~12년),/zf_user/jobs/relay/view?view_type=list&rec_idx=53948054
(주)바능,파이썬 개발자 구인(13~15년),/zf_user/jobs/relay/view?view_type=list&rec_idx=53948069
(주)에스제이소프트텍,[Backend] 시니어 백엔드 개발자 채용 (5년 이상),/zf_user/jobs/relay/view?view_type=list&rec_idx=53688673
(주)엠제이코리아,[강남구/정규직/급여협의] 중견기업 IT팀 개발 담당자 채용,/zf_user/jobs/relay/view?view_type=list&rec_idx=53859981
넛지헬스케어(주),[캐시워크] Flutter개발 채용전환형 인턴,/zf_user/jobs/relay/view?view_type=list&rec_idx=53971527
(주)웰파인,(주)웰파인 ERP 및 MES 개발자 채용,/zf_user/jobs/relay/view?view_type=list&rec_idx=53971510
넛지헬스케어(주),[캐시워크] 프론트엔드개발 병역특례 대상자 모집,/zf_user/jobs/relay/view?view_type=list&rec_idx=53971472
(주)지오티이노베이션,(주)지오티이노베이션 SI사업 및 SM사업분야 경력 모집,/zf_user/jobs/relay/view?view_type=list&rec_idx=53971033
메가존클라우드(주),SAP (Basis) Technical Consultant,/zf_user/jobs/relay/view?view_type=list&rec_idx=53736346
바이엇(주),[B2B SaaS] 프론트엔드 개발자 채용 (전환형 인턴),/zf_user/jobs/relay/view?view_type=list&rec_idx=53970661
주식회사이든웍스,금융권 계정계 /웹단말 구축 UI공통 + 웹스퀘어(WebSquare) 개발,/zf_user/jobs/relay/view?view_type=list&rec_idx=53970006
(주)이젠솔루션,이젠솔루션 MES/ERP 경력 개발자 채용,/zf_user/jobs/relay/view?view_type=list&rec_idx=53969709
한선에스티(주),모바일앱 및 웹서비스 개발자 정규직 채용,/zf_user/jobs/relay/view?view_type=list&rec_idx=53969481
(주)마이플랫,[구로] 프론트엔드 개발 / REACT 필수 / 프리랜서,/zf_user/jobs/relay/view?view_type=list&rec_idx=53969137
(주)제로백데브,개발팀 리드 (Tech Lead),/zf_user/jobs/relay/view?view_type=list&rec_idx=53718814
주식회사플랫파이브,.NET 포탈 개발자 모셔요,/zf_user/jobs/relay/view?view_type=list&rec_idx=53866978
단암시스템즈(주),단암시스템즈 연구개발직(소프트웨어 부문) 경력 모집,/zf_user/jobs/relay/view?view_type=list&rec_idx=53699382
(주)위키드스톰,클라우드 인프라 엔지니어 채용,/zf_user/jobs/relay/view?view_type=list&rec_idx=53967710
(주)와이씨코퍼레이션,"Odoo 기반 ERP, SCM 구축 기술 엔지니어 채용 #왕십리역세권",/zf_user/jobs/relay/view?view_type=list&rec_idx=53967430
(주)엘림넷,시스템엔지니어 신입 채용,/zf_user/jobs/relay/view?view_type=list&rec_idx=53967036
(주) 리마엔터테인먼트,(주) 리마엔터테인먼트 클라이언트 개발 채용 공고,/zf_user/jobs/relay/view?view_type=list&rec_idx=53966905
(주) 리마엔터테인먼트,(주) 리마엔터테인먼트 UX/UI 기획 담당자 채용 공고,/zf_user/jobs/relay/view?view_type=list&rec_idx=53966812
(주)나루씨큐리티,[경력] 자사 보안 솔루션 개발자,/zf_user/jobs/relay/view?view_type=list&rec_idx=53966715
(주)시스콘로보틱스,Robotics 관제서비스(ACS) 개발자 모집,/zf_user/jobs/relay/view?view_type=list&rec_idx=53688734
(주)글로벌비전,AI 개발자. 바이브코딩. 오픈클로 실무 경험자 채용합니다.,/zf_user/jobs/relay/view?view_type=list&rec_idx=53954659
(유)아이에스소프트,(유)아이에스소프트에서 웹·소프트웨어 개발자 모집해요,/zf_user/jobs/relay/view?view_type=list&rec_idx=53965563
(주)에이치지,"(SI/SM) JAVA 웹프로그래머(개발자, 경력) 모집",/zf_user/jobs/relay/view?view_type=list&rec_idx=53846346
(주)와이씨코퍼레이션,산업 IoT 및 스마트팩토리 개발자 채용 #성수역-도보3분,/zf_user/jobs/relay/view?view_type=list&rec_idx=53965196
(주)데이터디자인엔지니어링,풀스택 개발자,/zf_user/jobs/relay/view?view_type=list&rec_idx=53965154
(주)보아스에스이,소프트웨어 신입/경력 개발자 모집,/zf_user/jobs/relay/view?view_type=list&rec_idx=53688189
(주)로지올,[생각대로] 플랫폼개발팀 - 프론트엔드 개발 채용,/zf_user/jobs/relay/view?view_type=list&rec_idx=53964658
엠아이큐브솔루션(주),[엠아이큐브솔루션] 백엔드 개발자 채용,/zf_user/jobs/relay/view?view_type=list&rec_idx=53689047
(주)피코와이즈,"EAP 개발자 모집 (신입,경력)",/zf_user/jobs/relay/view?view_type=list&rec_idx=53957231
(주)수산아이앤티,[수산그룹]수산INT 개발직군 채용(백엔드/서비스기획/QA엔지니어 등),/zf_user/jobs/relay/view?view_type=list&rec_idx=53930400
파인듀스,[대표직접작성] AI 개발 마케터 모집공고,/zf_user/jobs/relay/view?view_type=list&rec_idx=53892944
(주)인피아드,[경력] JAVA WEB/APP 백엔드 개발자,/zf_user/jobs/relay/view?view_type=list&rec_idx=53960167
(주)아와소프트,[아와소프트 대구지사] 웹서비스 개발 PM 모집,/zf_user/jobs/relay/view?view_type=list&rec_idx=53676257
메타빌드(주),[메타빌드] 사업수행 PM 경력직 채용,/zf_user/jobs/relay/view?view_type=list&rec_idx=53957852
(주)코어플랫폼,(주)코어플랫폼 프론트엔드 개발자 채용,/zf_user/jobs/relay/view?view_type=list&rec_idx=53957510
아워박스(주),[서울 구로] 물류관리 시스템 개발 및 운영 개발자,/zf_user/jobs/relay/view?view_type=list&rec_idx=53932419
(주)포밸류소프트,"Java 개발자 정규직(과장, 차장급)채용",/zf_user/jobs/relay/view?view_type=list&rec_idx=53957161
(주)케이시스,공공기관 홈페이지 유지보수 개발자 모집합니다.,/zf_user/jobs/relay/view?view_type=list&rec_idx=53957139
템프인(주),"[송파/~6,000만/정규직/신입O]유명기업(의료기기) 솔루션 개발",/zf_user/jobs/relay/view?view_type=list&rec_idx=53957049
(주)케이씨넷,[KCNET] 관세청 프로그램 개발자 모집(출장 업무 가능자),/zf_user/jobs/relay/view?view_type=list&rec_idx=53956262
(주)추론,SW개발팀 백엔드 경력직 채용(부산),/zf_user/jobs/relay/view?view_type=list&rec_idx=53955943
The숨,SW 프로젝트 매니저(PM) 채용,/zf_user/jobs/relay/view?view_type=list&rec_idx=53955711
(주)두드림정보,"[공공부문 응용시스템] Java·JSP 정규직 개발자 (신입,경력)",/zf_user/jobs/relay/view?view_type=list&rec_idx=53955493
(주)제너러티브랩,[제너러티브랩] 졸업&스펙 필요 없습니다. (개발),/zf_user/jobs/relay/view?view_type=list&rec_idx=53955092
(주)댄디테크앤리얼티,"프론트엔드 개발자 ( React, ReactNative, expo 경험자 )",/zf_user/jobs/relay/view?view_type=list&rec_idx=53955084
(주)엔디에스,[농심NDS/계약직] 그룹사 정보시스템 운영 및 개발 육아휴직대체,/zf_user/jobs/relay/view?view_type=list&rec_idx=53954465
(주)공간인소프트,개발자 신입/경력 채용,/zf_user/jobs/relay/view?view_type=list&rec_idx=53954129
주식회사 여기에,"[여기에] 풀스택 개발자 (Node, Vue, PHP)",/zf_user/jobs/relay/view?view_type=list&rec_idx=53954047
(주)비욘드소프트,(주)비욘드소프트 풀스택 개발자 채용공고,/zf_user/jobs/relay/view?view_type=list&rec_idx=53680036
주식회사올두잇(AllDoIt),EBS 교육 플랫폼 고도화 웹 개발자를 찾고 있어요,/zf_user/jobs/relay/view?view_type=list&rec_idx=53953094
(주)알액스원,(주)알액스원과 금융권 프로젝트 구축·운영 프리랜서를 찾고 있어요,/zf_user/jobs/relay/view?view_type=list&rec_idx=53920975
(주)정지완,AI 채팅 플랫폼 시스템 기획자 채용,/zf_user/jobs/relay/view?view_type=list&rec_idx=53925589
(주)오션정보기술,오션정보기술 컨설턴트 (중급/초급) / PAO 채용공고,/zf_user/jobs/relay/view?view_type=list&rec_idx=53932742
(주)애나,AI 에이전트 기반 백엔드 개발자 구인,/zf_user/jobs/relay/view?view_type=list&rec_idx=53952175
The숨,Flutter 개발자 채용,/zf_user/jobs/relay/view?view_type=list&rec_idx=53948637
(주)휴맥스,휴맥스홀딩스 웹 연동 개발자 (7-12년차),/zf_user/jobs/relay/view?view_type=list&rec_idx=53948621
(주)위밋모빌리티,[위밋모빌리티] AI 풀스택 개발자,/zf_user/jobs/relay/view?view_type=list&rec_idx=53948559
(주)위밋모빌리티,[위밋모빌리티] DevOps 개발 및 인프라 담당자,/zf_user/jobs/relay/view?view_type=list&rec_idx=53948528
"주식회사야몬(YamonCo.,Ltd.)",AI 활용 개발자 채용공고,/zf_user/jobs/relay/view?view_type=list&rec_idx=53947039
클라이메이트(주),Java/JSP/NodeJS 백엔드 & 프론트엔드 직원 모집,/zf_user/jobs/relay/view?view_type=list&rec_idx=53946954
(주)모두모아컴퍼니,Python기반 자동화엔지니어 경력,/zf_user/jobs/relay/view?view_type=list&rec_idx=53904602
나라아이넷(주),TypeScript 기반 솔루션 개발자 채용(경력),/zf_user/jobs/relay/view?view_type=list&rec_idx=53946075
마린웍스(주),웹 어플리케이션(해운사 ERP) 개발자 모집,/zf_user/jobs/relay/view?view_type=list&rec_idx=53747605
(주)티오에스코리아,[여의도/성과급上/스펙UP]나이스평가정보 IT 기술지원 채용,/zf_user/jobs/relay/view?view_type=list&rec_idx=53945397
(주)씨에이에스,(주)씨에이에스 2026년 AI 부문 경력직(개발/영업) 채용,/zf_user/jobs/relay/view?view_type=list&rec_idx=53945391
아리카(주),[아리카] 웹 기반 로봇 관제 UI 개발자(Fullstack) 채용,/zf_user/jobs/relay/view?view_type=list&rec_idx=53944862
(주)네트로,기업연구소 개발자 정규직 및 계약직 모집합니다.,/zf_user/jobs/relay/view?view_type=list&rec_idx=53944193
(주)스페이드컴퍼니,퍼블리싱 프리랜서 채용(경력),/zf_user/jobs/relay/view?view_type=list&rec_idx=53944112
(주)아주화장품,"화장품 스마트팩토리 MES,ERP,Python php 개발자",/zf_user/jobs/relay/view?view_type=list&rec_idx=53943859
(주)매도왕,Python 백엔드 개발자를 찾고 있어요,/zf_user/jobs/relay/view?view_type=list&rec_idx=53943774
재단법인한국디지털헬스케어진흥재단,"PM, PL 및 개발 기획 경력자(중급이상) 모집",/zf_user/jobs/relay/view?view_type=list&rec_idx=53943743
(주)파라타항공,2026년 파라타항공 상시 및 수시 채용,/zf_user/jobs/relay/view?view_type=list&rec_idx=53943506
(주)에스티이지,(주)에스티이지 R&D 연구소 AI 개발자 채용 공고,/zf_user/jobs/relay/view?view_type=list&rec_idx=53868017
(주)다래파크텍,[다래파크텍] C++ 백엔드 서버 개발자 경력직 채용,/zf_user/jobs/relay/view?view_type=list&rec_idx=53943236
(주)브릴스,[BRILS] 로봇 자동화 제어 시스템 SW 엔지니어/연구개발자 채용,/zf_user/jobs/relay/view?view_type=list&rec_idx=53943201
스마트114(주),개발자 채용,/zf_user/jobs/relay/view?view_type=list&rec_idx=53943058
이너뷰,[이너뷰] 프론트엔드 개발자 경력직 모집(4.5일제 운영),/zf_user/jobs/relay/view?view_type=list&rec_idx=53942987
(주)룩플,IT 서비스 기획 채용 (SNS 커머스 앱 개발),/zf_user/jobs/relay/view?view_type=list&rec_idx=53701257
한국단자공업(주),AX분야 경력직 모집,/zf_user/jobs/relay/view?view_type=list&rec_idx=53942576
한국단자공업(주),DX/IT분야 경력직 모집,/zf_user/jobs/relay/view?view_type=list&rec_idx=53942016
(주)메디플렉서스,의료 빅데이터 기반 역학 연구원 채용,/zf_user/jobs/relay/view?view_type=list&rec_idx=53942009
오앤디랩 - UNIST(울산과학기술원),오앤디랩(UNIST)에서 풀스택 개발자 찾아요,/zf_user/jobs/relay/view?view_type=list&rec_idx=53657322
케이비드 주식회사,AI 컨텐츠 개발 경력자 모집,/zf_user/jobs/relay/view?view_type=list&rec_idx=53941623
(주)에스더블유엠,[SWM] 플랫폼 HW 개발자 경력직 채용,/zf_user/jobs/relay/view?view_type=list&rec_idx=53847116
(주)에스더블유엠,[SWM] 소프트웨어 개발자 인재 채용,/zf_user/jobs/relay/view?view_type=list&rec_idx=53851981
(주)대한오토텍,AI기반 전산/시스템 구축 담당자 채용(경력),/zf_user/jobs/relay/view?view_type=list&rec_idx=53659051
(주)마인즈에이아이,풀스택/백엔드 개발자 채용 (Node.js/NestJS/React),/zf_user/jobs/relay/view?view_type=list&rec_idx=53940565
레디로버스트머신(주),전자유압제어팀 경력 채용,/zf_user/jobs/relay/view?view_type=list&rec_idx=53919581
레디로버스트머신(주),IoT & Mobile machine Solutions,/zf_user/jobs/relay/view?view_type=list&rec_idx=53919931
(주)노아시스템즈,네트워크 제어/관리 시스템 개발,/zf_user/jobs/relay/view?view_type=list&rec_idx=53892663
마준소프트(주),IT 웹/AI/서버 프로그래머 개발자 모집(신입/경력),/zf_user/jobs/relay/view?view_type=list&rec_idx=53697728
온브릭스(주)농업회사법인,[온브릭스] PHP 풀스택 개발자 모집,/zf_user/jobs/relay/view?view_type=list&rec_idx=53892141
트렌드림,"픽셀링 바이브코딩(클로드, 코덱스) 프로덕트 빌더 채용",/zf_user/jobs/relay/view?view_type=list&rec_idx=53936009
블루파이테크(주),풀스택 개발자 채용,/zf_user/jobs/relay/view?view_type=list&rec_idx=53935952
(주)매도왕,(주)매도왕 풀스택 개발자 경력 채용 공고입니다,/zf_user/jobs/relay/view?view_type=list&rec_idx=53935766
(주)위니텍,웹기반 GIS 시스템 구축 경력 개발자 채용 공고,/zf_user/jobs/relay/view?view_type=list&rec_idx=53935466
(주)이누리,(주)이누리 프론트엔드&백엔드 개발자 채용(포트폴리오 필수),/zf_user/jobs/relay/view?view_type=list&rec_idx=53835596
(주)데이터메이커,백엔드 개발자 인재모집,/zf_user/jobs/relay/view?view_type=list&rec_idx=53934125
( 주)투라인클라우드,SW 개발자 (AI/백엔드) 경력,/zf_user/jobs/relay/view?view_type=list&rec_idx=53933752
(주)솔로몬텍,세일즈포스 Salesforce 개발/운영 경력 채용,/zf_user/jobs/relay/view?view_type=list&rec_idx=53932320
(주)누리어시스템,"[금융SI, SM] Java, JSP 경력직 웹 개발자를 모십니다.",/zf_user/jobs/relay/view?view_type=list&rec_idx=53932288
텔코웨어(주),[텔코웨어] Java 백엔드 개발 경력사원 채용공고,/zf_user/jobs/relay/view?view_type=list&rec_idx=53873236
(주)위루트파이낸셜,React & Flutter 프론트 개발자 모집,/zf_user/jobs/relay/view?view_type=list&rec_idx=53932196
(주)코코에이치,[프론트엔드 개발자] 신입 및 경력 채용,/zf_user/jobs/relay/view?view_type=list&rec_idx=53931605
(주)플랜핏,백엔드 개발자(경력) 모집,/zf_user/jobs/relay/view?view_type=list&rec_idx=53931582
(주)지케스,[(주)지케스]솔루션 개발 및 웹 프로그래밍,/zf_user/jobs/relay/view?view_type=list&rec_idx=53931531
(주)리모샷,유니티 개발자 모집(신입경력 무관),/zf_user/jobs/relay/view?view_type=list&rec_idx=53931044
(주)알엠에쓰플렛폼,AI 연구 엔지니어 모집 (DataOps · MLOps · LLM),/zf_user/jobs/relay/view?view_type=list&rec_idx=53930875
(주)리빌더에이아이,웹 풀스택 개발자 (경력),/zf_user/jobs/relay/view?view_type=list&rec_idx=53930564
(주)지트,미래를 함께할 GIS 서버 개발자 채용,/zf_user/jobs/relay/view?view_type=list&rec_idx=53929635
(주)대건소프트,(주)대건소프트 웹 시스템 운영 및 유지보수 담당자 채용 (경력),/zf_user/jobs/relay/view?view_type=list&rec_idx=53929308
(주)디퍼아이,Deeper-I 임베디드 AI 응용/시스템 SW 엔지니어 채용,/zf_user/jobs/relay/view?view_type=list&rec_idx=53929155
(주)아이티포워드,"(주)아이티포워드 정규직 공공기관 SI, SM 인재모집(신입)",/zf_user/jobs/relay/view?view_type=list&rec_idx=53928329
앤시정보기술(주),JAVA 개발자를 모십니다,/zf_user/jobs/relay/view?view_type=list&rec_idx=53928213
하나에프앤아이(주),[하나금융그룹] 하나에프앤아이(주) IT/보안 경력직 수시 채용,/zf_user/jobs/relay/view?view_type=list&rec_idx=53923353
(주)블루트렌드,(주)블루트렌드 AI 업무자동화 & 경영지원 담당 채용,/zf_user/jobs/relay/view?view_type=list&rec_idx=53927471
(주)아이페이지온,[경력] 재무 회계 담당자 채용,/zf_user/jobs/relay/view?view_type=list&rec_idx=53927468
미라텍(주),모바일 앱 / 서버 개발자 구인,/zf_user/jobs/relay/view?view_type=list&rec_idx=53880305
(주)위버스마인드,AI학습 앱 개발자 (리더급) 채용,/zf_user/jobs/relay/view?view_type=list&rec_idx=53887040
(주)필라넷,.NET 풀스택 개발자 채용,/zf_user/jobs/relay/view?view_type=list&rec_idx=53891296
클레로보틱스(주),데스크탑 앱 개발자,/zf_user/jobs/relay/view?view_type=list&rec_idx=53892651
(주)비전스페이스,[경력] Physical AI 자동화 로봇 시뮬레이션(CTO),/zf_user/jobs/relay/view?view_type=list&rec_idx=53911901
(주)프리더스,[큐닷] 이커머스 스타트업 AI 개발자 / AX 담당자를 찾아요.,/zf_user/jobs/relay/view?view_type=list&rec_idx=53816922
(주)아톰소프트,기계공학 S/W 개발 인재 채용 공고,/zf_user/jobs/relay/view?view_type=list&rec_idx=53921067
(주)유마인솔루션,[글로벌 한국어 교육 앱] 덕질 경험 有 풀스텍 개발자 모집,/zf_user/jobs/relay/view?view_type=list&rec_idx=53905333
다이아몬드전자(주),"DID 사이니지, 빌딩안내시스템 설치 기술자",/zf_user/jobs/relay/view?view_type=list&rec_idx=53887273
(주)엔트로정보기술,ERP 및 MES 솔루션 개발자 (C#개발) 채용 공고,/zf_user/jobs/relay/view?view_type=list&rec_idx=53919795
(주)시마크로,"[시마크로] 2026년도 채용연계형 인턴 채용 (FE, BE 개발자)",/zf_user/jobs/relay/view?view_type=list&rec_idx=53879155
(주)우정넷,(주)우정넷 [PAD]파워 오토메이트 데스크탑 흐름 만들기,/zf_user/jobs/relay/view?view_type=list&rec_idx=53919017
(주)엔디에스,[농심NDS] 인프라운영 SAP BC 경력 채용,/zf_user/jobs/relay/view?view_type=list&rec_idx=53918935
(주)엘케이아이씨티,웹 개발 부문 경력직 채용,/zf_user/jobs/relay/view?view_type=list&rec_idx=53918494
(주)태웅로직스,IT개발팀 신입/경력 채용,/zf_user/jobs/relay/view?view_type=list&rec_idx=53917938
(주)디엔지니어,(충남아산 출퇴근) (주)디엔지니어 제조 AI 선두 할 풀스텍,/zf_user/jobs/relay/view?view_type=list&rec_idx=53917314
에이치에스소프트(주),[부산지사] IT 개발자 출신 PM 채용,/zf_user/jobs/relay/view?view_type=list&rec_idx=53917111
에이치에스소프트(주),[대구지사] IT 개발자 출신 PM 채용,/zf_user/jobs/relay/view?view_type=list&rec_idx=53916966
다해관세사무소,[다해관세사무소] 프로그램개발업무 가능자 모집 (중국어가능자),/zf_user/jobs/relay/view?view_type=list&rec_idx=53676699
웹투게더(주),물류시스템 개발 및 운영 (정규직 경력 채용),/zf_user/jobs/relay/view?view_type=list&rec_idx=53915019
(주)더블오,개발자(신입/경력) 모집,/zf_user/jobs/relay/view?view_type=list&rec_idx=53819347
(주)성산씨엔에스,(주)성산씨엔에스 소프트웨어 개발자 및 시스템 엔지니어 모집,/zf_user/jobs/relay/view?view_type=list&rec_idx=53914507
포커스원,"파이썬, 자바스크립트 AI 프로그램 제작 개발자 채용합니다",/zf_user/jobs/relay/view?view_type=list&rec_idx=53912926
(주)위버스마인드,"AI 기반 학습앱 Android, Flutter 개발자 모집",/zf_user/jobs/relay/view?view_type=list&rec_idx=53887038
(주)오투플러스,Back-end 개발자,/zf_user/jobs/relay/view?view_type=list&rec_idx=53892618
코어닷투데이,코어닷투데이에서 AI 영업/운영/개발 담당자를 찾고 있어요,/zf_user/jobs/relay/view?view_type=list&rec_idx=53678572
주식회사프롭핀테크,개발자를 채용합니다.,/zf_user/jobs/relay/view?view_type=list&rec_idx=53912427
(주)원스글로벌,(주)원스글로벌과 함께할 IT개발자를 찾고 있어요,/zf_user/jobs/relay/view?view_type=list&rec_idx=53912365
유징테크(주),"자동화 응용프로그램 설계 및 제작(C계열,인공지능)",/zf_user/jobs/relay/view?view_type=list&rec_idx=53912220
(주)커브,"Java & 웹 개발자 (풀스택) 정규직 모집 - 경력, 팀장",/zf_user/jobs/relay/view?view_type=list&rec_idx=53911481
FCG,개발부문 (F/E B/E) 파트 경력 모집,/zf_user/jobs/relay/view?view_type=list&rec_idx=53846797
(주)이뮨앱스,(주)이뮨앱스 부산 기업부설연구소 실험데이터 DB구축 인력 채용,/zf_user/jobs/relay/view?view_type=list&rec_idx=53843899
(주)인텔리즈,AI머신비전 엔지니어 채용공고,/zf_user/jobs/relay/view?view_type=list&rec_idx=53730120
(주)인텔리즈,IntCloud 플랫폼 백엔드 엔지니어 채용공고,/zf_user/jobs/relay/view?view_type=list&rec_idx=53730180
(주)인터엑스,프론트엔드 (Front-end) 개발,/zf_user/jobs/relay/view?view_type=list&rec_idx=53891116
(주)코어시큐리티,AI 에이전트 개발자(병역특례/전문연구요원),/zf_user/jobs/relay/view?view_type=list&rec_idx=53890340
비즈톡(주),웹 서비스 자바 개발자,/zf_user/jobs/relay/view?view_type=list&rec_idx=53873137
비즈톡(주),카카오톡 상담톡/챗봇 서비스 개발자,/zf_user/jobs/relay/view?view_type=list&rec_idx=53873114
(주)지피에이코리아,개발팀 팀장,/zf_user/jobs/relay/view?view_type=list&rec_idx=53885838
(주)피봇브릿지,AI 엔지니어-데이터플랫폼,/zf_user/jobs/relay/view?view_type=list&rec_idx=53905564
(주)협성임프,(주)협성임프 웹 프론트 개발 및 전산 유지관리,/zf_user/jobs/relay/view?view_type=list&rec_idx=53904828
뷰티스톤의원,뷰티스톤의원과 함께할 글로벌 SEO/AEO 마케터를 찾고 있어요,/zf_user/jobs/relay/view?view_type=list&rec_idx=53904788
(주)아이티아이즈,(주)아이티아이즈 공공 SI 중급 개발 경력 채용 공고,/zf_user/jobs/relay/view?view_type=list&rec_idx=53904628
(주)트립닥,글로벌 플랫폼 웹&앱 개발자 (React Native / Expo / Next.js),/zf_user/jobs/relay/view?view_type=list&rec_idx=53904283
(주)위로,[(주)위로] 미용의료기기 S/W 개발 경력자,/zf_user/jobs/relay/view?view_type=list&rec_idx=53853165
주식회사원테크,소프트웨어 개발 신입 인력채용 공고,/zf_user/jobs/relay/view?view_type=list&rec_idx=53903699
(주)인업디앤아이,(주)인업디앤아이 AI 활용 앱 및 웹서비스 개발자 경력 채용 공고,/zf_user/jobs/relay/view?view_type=list&rec_idx=53903459
(주)호원소프트,호원소프트 서울지사 개발팀 초급-경력 개발자 신규채용,/zf_user/jobs/relay/view?view_type=list&rec_idx=53460548
(주)타이드플로,Java/Jsp 개발자를 모집합니다.,/zf_user/jobs/relay/view?view_type=list&rec_idx=53902879
오큐브(주),AI·데이터 기반 플랫폼 및 AI 모델 개발자 모집,/zf_user/jobs/relay/view?view_type=list&rec_idx=53902813
선선,마음 편안히 유체 기구설계 및 IoT 모듈 개발을 도와주실 분,/zf_user/jobs/relay/view?view_type=list&rec_idx=53902090
뉴로엔(주),정신건강 의료 분야 AI 개발팀 채용공고,/zf_user/jobs/relay/view?view_type=list&rec_idx=53901876
주식회사 히타치터미널솔루션즈코리아,Back End 개발자 채용 (Java/Spring Boot),/zf_user/jobs/relay/view?view_type=list&rec_idx=53901351
(주)스카이블루에셋,스카이블루에셋 본사 정규직 신입사원 채용 [IT 기획팀],/zf_user/jobs/relay/view?view_type=list&rec_idx=53901263
(주)트랜스코스모스코리아,트랜스코스모스 IT사업부 Genesys Cloud 경력 담당자 채용 MGt6,/zf_user/jobs/relay/view?view_type=list&rec_idx=53899668
(주)스카이즈코리아,개발자 관리자(팀장)급 (Development Manager / Tech Lead) 채용,/zf_user/jobs/relay/view?view_type=list&rec_idx=53853921
(주)발트루스트,[보충역]병역특례. 좋은 개발자로 성장하고싶은 인재를 모십니다,/zf_user/jobs/relay/view?view_type=list&rec_idx=53899547
(주)유큐브,(주)유큐브 공공사업본부 ICT컨설팅부 컨설턴트 경력사원 모집,/zf_user/jobs/relay/view?view_type=list&rec_idx=53675117
(주)뷰런테크놀로지,[Vueron] Frontend Developer 경력 채용,/zf_user/jobs/relay/view?view_type=list&rec_idx=53899000
신한에이텍(주),제어 시스템 SW 개발자-경력직 모집(차장 이상급),/zf_user/jobs/relay/view?view_type=list&rec_idx=53898608
(주)트립닥,글로벌 플랫폼 개발자 (Next.js / Full Stack),/zf_user/jobs/relay/view?view_type=list&rec_idx=53898206
메타빌드(주),[메타빌드] 부산 공공기관 개발자 채용,/zf_user/jobs/relay/view?view_type=list&rec_idx=53898009
(주)데이터마케팅코리아,"Data&AI Engineer(Core Member, MidLevel+) 채용",/zf_user/jobs/relay/view?view_type=list&rec_idx=53580806
(주)에이케이플러스,오랫동안 함께할 JAVA 전문가를 채용합니다,/zf_user/jobs/relay/view?view_type=list&rec_idx=53897100
(주)이스트시큐리티,시스템 엔지니어 경력 채용,/zf_user/jobs/relay/view?view_type=list&rec_idx=53877435
보미오라한의원,쇼핑몰/헬스케어 서비스 개발자,/zf_user/jobs/relay/view?view_type=list&rec_idx=53861570
파인듀스,[대표직접작성] 인플루언서 메타 마케터 모집공고,/zf_user/jobs/relay/view?view_type=list&rec_idx=53893400
사단법인 국제교육교류협회,국제교육교류협회 IT 담당 직원을 모십니다.,/zf_user/jobs/relay/view?view_type=list&rec_idx=53893311
(주)티엔에스소프트,STT WEB/클라이언트 개발자 포지션 모집,/zf_user/jobs/relay/view?view_type=list&rec_idx=53892919
(주)비지트,AI/Backend 개발팀장급 경력 채용,/zf_user/jobs/relay/view?view_type=list&rec_idx=53582053
(주)제이니스,(주)제이니스 에이전트 개발자 모집,/zf_user/jobs/relay/view?view_type=list&rec_idx=53891799
(주)하이페이,(주)하이페이 웹 개발자 모집,/zf_user/jobs/relay/view?view_type=list&rec_idx=53891732
다이아몬드전자(주),제품 디자인 (기구설계) 분야 채용 (금형설계 아님),/zf_user/jobs/relay/view?view_type=list&rec_idx=53513328
(유)에스티원,기업부설연구소 개발(주차관제시스템)분야 경력사원을 모십니다.,/zf_user/jobs/relay/view?view_type=list&rec_idx=53891398
(주)한국심리교육원,풀스택 개발자 (프론트엔드 중심),/zf_user/jobs/relay/view?view_type=list&rec_idx=53890929
아이엑스씨(주),[춘천] 아이엑스씨(주) 소프트웨어 엔지니어 채용 신입/경력,/zf_user/jobs/relay/view?view_type=list&rec_idx=53736385
(주)써스포,[신입/경력] 웹 개발자 모집,/zf_user/jobs/relay/view?view_type=list&rec_idx=53890143
(주)아이티에스컨버젼스,[ITS컨버젼스] Avaya EP(IVR) 시나리오 개발자 모집,/zf_user/jobs/relay/view?view_type=list&rec_idx=53889849
(주)엔지디씨,기획 및 홈페이지 운영 관리 모집 신입/경력,/zf_user/jobs/relay/view?view_type=list&rec_idx=53889666
(주)호넷소프트,[JAVA / JSP / Spring] 기반 공공 SI 웹 개발 경력자 채용[울산],/zf_user/jobs/relay/view?view_type=list&rec_idx=53888892
일류ENT,[강남] 실감형 콘텐츠·XR 프로젝트 개발자 모집 (Unreal),/zf_user/jobs/relay/view?view_type=list&rec_idx=53888691
(주)가온기술,웹 개발자 경력 채용 공고,/zf_user/jobs/relay/view?view_type=list&rec_idx=53866865
다온플레이스(주),[다온플레이스] 웹 개발자 채용(인터뷰 비용 지급),/zf_user/jobs/relay/view?view_type=list&rec_idx=53888240
(주)이지서티,[이지서티] 솔루션 엔지니어 경력,/zf_user/jobs/relay/view?view_type=list&rec_idx=53888153
(주)이지서티,[이지서티] AI 개발자 경력직 채용,/zf_user/jobs/relay/view?view_type=list&rec_idx=53888142
(주)이지서티,"[이지서티]솔루션 플랫폼 개발자 경력(JAVA, C 등)",/zf_user/jobs/relay/view?view_type=list&rec_idx=53888119
(주)아이티레이,[아이티레이]솔루션(SW) 기술지원 엔지니어 채용[경력],/zf_user/jobs/relay/view?view_type=list&rec_idx=53887932
㈜쎄듀,[쎄듀] 에듀테크 기업 풀스택 경력직 개발자,/zf_user/jobs/relay/view?view_type=list&rec_idx=53887821
㈜에스피시스템스,"에스피시스템스 부설연구소 M.AX팀 연구원 신입, 경력사원 모집",/zf_user/jobs/relay/view?view_type=list&rec_idx=53886464
(주)세중,POP시스템 운영 및 개발경력 채용,/zf_user/jobs/relay/view?view_type=list&rec_idx=53792167
엔셀 주식회사,AI 사업부 JAVA 개발자 (경력),/zf_user/jobs/relay/view?view_type=list&rec_idx=53885903
(주)대원씨앤씨,[분당] 한국투자저축은행 자체전산 시스템 구축 사업-여신 개발,/zf_user/jobs/relay/view?view_type=list&rec_idx=53885896
"주식회사제이엠(JMCo.,Ltd)",Java·JSP 기능개발 채용 공고,/zf_user/jobs/relay/view?view_type=list&rec_idx=53885891
(주)패밀라운지,전산 경력직 채용 공고,/zf_user/jobs/relay/view?view_type=list&rec_idx=53885213
(주)패밀라운지,(주)패밀라운지에서 유통 IT개발·데이터 인재를 찾고 있어요,/zf_user/jobs/relay/view?view_type=list&rec_idx=53885205
(주)에스제이시스텍,(주)에스제이시스텍 전산팀장 채용,/zf_user/jobs/relay/view?view_type=list&rec_idx=53852707
(주)크레이버코퍼레이션,[Craver] 시스템 개발자,/zf_user/jobs/relay/view?view_type=list&rec_idx=53835954
(주)스카이컴,S/W 프로그래머-웹 경력 모집,/zf_user/jobs/relay/view?view_type=list&rec_idx=53751164
(주)테나아이,(주)테나아이 AI 에이전트 플랫폼 백엔드 개발자 경력 채용 공고,/zf_user/jobs/relay/view?view_type=list&rec_idx=53880813
(주)펫스테이션,"개발, 기획, 디자인, 현장 분야별 채용(재택 가능)",/zf_user/jobs/relay/view?view_type=list&rec_idx=53880119
(주)인포젠,(청주) LG화학 품질영역 개발자 모집,/zf_user/jobs/relay/view?view_type=list&rec_idx=53879780
(주)브이티더블유,[vtw] SI 시스템 구축 개발자 채용,/zf_user/jobs/relay/view?view_type=list&rec_idx=53879741
(주)닷큐,시스템 모니터링 경력채용,/zf_user/jobs/relay/view?view_type=list&rec_idx=53879194
스페이스클라우드건축사사무소,기획형 프론트엔드 개발자 채용,/zf_user/jobs/relay/view?view_type=list&rec_idx=53878437
이든컴퍼니(주),이든컴퍼니(주) 드론 제어·센서 개발자 채용 공고(Python/C++),/zf_user/jobs/relay/view?view_type=list&rec_idx=53876914
주식회사 오토브레인 인텔리전스,JAVA/JSP 개발자를 모십니다,/zf_user/jobs/relay/view?view_type=list&rec_idx=53876577
(주)굿피플네트웍스,[국기] 생성ai활용 영상/숏폼/디자인/편집 과정 강사 모집,/zf_user/jobs/relay/view?view_type=list&rec_idx=53876021
(주)이안,웹 기반 S/W 플랫폼 개발자 (중급 이상),/zf_user/jobs/relay/view?view_type=list&rec_idx=53875649
(주)퓨어다,사내 프로그램 개발/기획자 채용 (php 기반),/zf_user/jobs/relay/view?view_type=list&rec_idx=53874933
(주)아이엠알,[소프트웨어개발자] 개발 경력 인력 모집,/zf_user/jobs/relay/view?view_type=list&rec_idx=53872904
(주)아이엠알,[목포근무]소프트웨어 개발자 모집,/zf_user/jobs/relay/view?view_type=list&rec_idx=53872893
㈜에스엠투네트웍스,[에스피삼화 계열사] CSP팀 전산관리 채용[관리자/실무자],/zf_user/jobs/relay/view?view_type=list&rec_idx=53827573
(주)샤학관,입시 교육 브랜드 자동화·AI 시스템 개발자 모집,/zf_user/jobs/relay/view?view_type=list&rec_idx=53872258
인포그램(주),SKHy SW개발 P/J(20년↓),/zf_user/jobs/relay/view?view_type=list&rec_idx=53852005
아이디어2마켓주식회사,"의료기기 개발, 아두이노 개발자",/zf_user/jobs/relay/view?view_type=list&rec_idx=53853259
인포그램(주),SKHy SW개발 P/J(4년↑),/zf_user/jobs/relay/view?view_type=list&rec_idx=53852037
인포그램(주),SKHy SW개발 P/J(10년↑),/zf_user/jobs/relay/view?view_type=list&rec_idx=53852033
(주)위펀,[위펀] 백엔드 엔지니어 (운영 & 보안),/zf_user/jobs/relay/view?view_type=list&rec_idx=53847884
소프트웨어공작소,[소프트웨어공작소] 백앤드 개발자 채용,/zf_user/jobs/relay/view?view_type=list&rec_idx=53867954
디딤(주),빅데이터 플랫폼 개발자 경력직 채용,/zf_user/jobs/relay/view?view_type=list&rec_idx=53819591
디딤(주),AI Agent / LLM 기반 개발자 경력 채용,/zf_user/jobs/relay/view?view_type=list&rec_idx=53819613
(주)커넥티드,"S/W개발 중급경력자 모집(웹 개발, Java, MySQL, Vue3)",/zf_user/jobs/relay/view?view_type=list&rec_idx=53866823
(주)에스씨엔터테인먼트,[주식챔피언] 전산개발팀 채용,/zf_user/jobs/relay/view?view_type=list&rec_idx=53866337
거림아이티(주),제조 AI 및 AI Factory 소프트웨어 개발자를 모집합니다.,/zf_user/jobs/relay/view?view_type=list&rec_idx=53619693
(주)노바소프트,정보보안 솔루션 유지보수 고객사 상주 운영 신입사원 모집,/zf_user/jobs/relay/view?view_type=list&rec_idx=53865813
(주)클립에듀,AI / Web 서비스 개발자 정규 채용,/zf_user/jobs/relay/view?view_type=list&rec_idx=53582845
(주)노바소프트,(주)노바소프트 정보보안 솔루션팀 프로젝트 수행인력 채용 공고,/zf_user/jobs/relay/view?view_type=list&rec_idx=53865496
(주)인크로비,풀스택/백엔드 개발자 채용 (마이크로바이옴 플랫폼 고도화),/zf_user/jobs/relay/view?view_type=list&rec_idx=53865000
(주)미팅,신규 발주앱 프로젝트 백엔드 개발자를 모십니다.,/zf_user/jobs/relay/view?view_type=list&rec_idx=53863602
(주)리소컨버전스,(주)리소컨버전스 AI 기반 모바일 앱 서비스 개발 및 유지보수 경력 채용 공고,/zf_user/jobs/relay/view?view_type=list&rec_idx=53863508
동은메디텍주식회사,동은메디텍주식회사 의료 AI 연구개발 인력 채용,/zf_user/jobs/relay/view?view_type=list&rec_idx=53863344
이이넥서스,[도쿄근무]프론트 주니어 엔지니어 모집(일본어 필수),/zf_user/jobs/relay/view?view_type=list&rec_idx=53863221
이이넥서스,[도쿄근무]프론트 엔지니어 모집(일본어 필수),/zf_user/jobs/relay/view?view_type=list&rec_idx=53863218
이이넥서스,"[도쿄근무]백엔드,서버 개발자 모집(일본어 필수)",/zf_user/jobs/relay/view?view_type=list&rec_idx=53863216
이이넥서스,"[도쿄근무]백엔드,서버 주니어 개발자 모집(일본어 필수)",/zf_user/jobs/relay/view?view_type=list&rec_idx=53863212
(주)티에이치케이컴퍼니,[티에이치케이컴퍼니] IT센터 PHP 개발자 채용,/zf_user/jobs/relay/view?view_type=list&rec_idx=53862364
에이투텍,(주)에이투텍 Mobile Application개발 상시채용,/zf_user/jobs/relay/view?view_type=list&rec_idx=53862167
에이투텍,(주)에이투텍 Windows Application 개발 부문,/zf_user/jobs/relay/view?view_type=list&rec_idx=53862151
주식회사 네오커넥트,[네오커넥트] 채용공고 - AI SW 플랫폼 엔지니어 인재모집,/zf_user/jobs/relay/view?view_type=list&rec_idx=53861873
(주)파트너잇,AI로 문제를 해결하는 풀스택 프로덕트 개발자를 찾습니다.,/zf_user/jobs/relay/view?view_type=list&rec_idx=53861750
(주)더금융서비스,(주)더금융서비스 전산팀 경력 채용,/zf_user/jobs/relay/view?view_type=list&rec_idx=53861473
에이투텍,(주)에이투텍 Web Application 개발 부문,/zf_user/jobs/relay/view?view_type=list&rec_idx=53861205
(주)로보터블,(주)로보터블 로봇엔지니어/소프트웨어 개발자 채용,/zf_user/jobs/relay/view?view_type=list&rec_idx=53861085
(주)세진중공업,(주)세진중공업 IT부문 신입/경력 사원 모집,/zf_user/jobs/relay/view?view_type=list&rec_idx=53860491
(주)투데이게이트,"대구시 동구 혁신도시 공공기관 SW 운영, LLM 개발자",/zf_user/jobs/relay/view?view_type=list&rec_idx=53860471
네스트(주),[5성급] 네스트호텔 전산팀(IT) 개발 파트너를 모십니다.,/zf_user/jobs/relay/view?view_type=list&rec_idx=53860124
(주)플랜아이,"[플랜아이] AI 서비스 플랫폼 개발자 (경력, Fullstack)",/zf_user/jobs/relay/view?view_type=list&rec_idx=53860013
유스엠(주),응용시스템 개발 경력 모집 (소프트웨어 엔지니어/백엔드/앱),/zf_user/jobs/relay/view?view_type=list&rec_idx=53859464
㈜금창,㈜금창 ICT팀 개발자 경력직 채용,/zf_user/jobs/relay/view?view_type=list&rec_idx=53859363
(주)휴먼플러스,건설관련 ERP 전 부문 PL(분석/설계)급 경력사원 채용,/zf_user/jobs/relay/view?view_type=list&rec_idx=53859063
(주)와커스,웹 개발자 경력직 채용,/zf_user/jobs/relay/view?view_type=list&rec_idx=53819258
(주)아트오앤오,IT개발·데이터 경력직 채용,/zf_user/jobs/relay/view?view_type=list&rec_idx=53858160
(주)다온더케어,(주)다온더케어에서 React Native 프론트엔드 개발자 모셔요,/zf_user/jobs/relay/view?view_type=list&rec_idx=53858141
(주)다온더케어,(주)다온더케어에서 Node.js 백엔드 개발자 모셔요,/zf_user/jobs/relay/view?view_type=list&rec_idx=53858118
(주)오즈씨엔에스,웹 자바 개발자 모집,/zf_user/jobs/relay/view?view_type=list&rec_idx=53854723
(주)작당모의,풀스택 개발자 (3~7년차) 채용,/zf_user/jobs/relay/view?view_type=list&rec_idx=53854225
㈜엔정보기술,[미래개발부]웹 개발자 경력직 모집,/zf_user/jobs/relay/view?view_type=list&rec_idx=53805807
(주)하이스틸,(주)하이스틸 전산실 신입/경력 채용,/zf_user/jobs/relay/view?view_type=list&rec_idx=53853636
주식회사슈튜(SyuTyu),함께하실 Backend(백엔드)개발자 모집합니다.,/zf_user/jobs/relay/view?view_type=list&rec_idx=53853497
(주)시에라베이스,SIRIUS 플랫폼 Web 개발자 모집,/zf_user/jobs/relay/view?view_type=list&rec_idx=53853301
(주) 이젠,[이젠에듀원격평생교육원] 백엔드 개발자 채용(Java),/zf_user/jobs/relay/view?view_type=list&rec_idx=53696950
주식회사에스에스클랜,디자인 + 마케팅 담당자 모집 (초보 가능 / 장기 근무 환영),/zf_user/jobs/relay/view?view_type=list&rec_idx=53852221
(주)컨티뉴어스,(주)컨티뉴어스 디지털/IT 개발자 및 총괄디자이너 모집,/zf_user/jobs/relay/view?view_type=list&rec_idx=53851898
주식회사 엑스홀딩스,Frontend Developer (NextJS),/zf_user/jobs/relay/view?view_type=list&rec_idx=53851837
데이루덴스,"사당역/이수역/JAVA Spring, 파이썬 풀스택 경력 채용",/zf_user/jobs/relay/view?view_type=list&rec_idx=53851739
고려휴먼스(주),[정부지원사업] AI기반 플랫폼 구축 관리/설계자 채용(최고대우),/zf_user/jobs/relay/view?view_type=list&rec_idx=53851260
(주)어픽,Java·JSP 웹 소프트웨어 개발자 정규직 채용(경력무관),/zf_user/jobs/relay/view?view_type=list&rec_idx=53850708
(주)블루스카이,IT 소프트웨어 문서개발 재택근무,/zf_user/jobs/relay/view?view_type=list&rec_idx=53850688
DAWON,"[DAWON] 경영지원/경리(지원사업관리, 일반사무, 마케팅) 채용",/zf_user/jobs/relay/view?view_type=list&rec_idx=53850664
플러거,"프타 솔루션 웹,앱기획 UI/UX 디자이너 모집합니다.",/zf_user/jobs/relay/view?view_type=list&rec_idx=53849111
(주)오투인터내셔널,(주)오투인터내셔널에서 식품제조/이커머스 AI Product Engineer,/zf_user/jobs/relay/view?view_type=list&rec_idx=53849023
(주)한국정보공작소,"Front end(Vue), Back end(Java : spring boot) 개발자",/zf_user/jobs/relay/view?view_type=list&rec_idx=53848796
(주)한국종합기술,"[여기에] 풀스택 개발자 모집 (Node.js, PHP)",/zf_user/jobs/relay/view?view_type=list&rec_idx=53847893
(주)이데아인포,"[대전유망중소기업] 분석, 설계, 개발 경력 채용(개발 PM, PL)",/zf_user/jobs/relay/view?view_type=list&rec_idx=53847544
(주)이수시스템,[이수그룹 IT계열사] Python 개발자 채용,/zf_user/jobs/relay/view?view_type=list&rec_idx=53846395
(주)에스에프존,"(주)에스에프존 소프트웨어(.Net C#, JAVA) 개발 인력 채용",/zf_user/jobs/relay/view?view_type=list&rec_idx=53581763
(주)프리더스,[큐닷] NHN/샵바이 커머스 프론트엔드 개발 경력자 채용,/zf_user/jobs/relay/view?view_type=list&rec_idx=53846276
(주)나휴케어,(주)나휴케어 15명모집(블록체인 &Java 백엔드 개발자 모집),/zf_user/jobs/relay/view?view_type=list&rec_idx=53846229
(주)케이지에듀원,[KG에듀원] WEB 개발자 채용(통합 플랫폼 구축 및 유지 운영),/zf_user/jobs/relay/view?view_type=list&rec_idx=53846126
(주)와이엔브이,사내 전산시스템(PLM/MES) 유지보수 담당자 모집,/zf_user/jobs/relay/view?view_type=list&rec_idx=53845549
(주)호텔스토리,[호텔스토리] Connectivity팀 개발자 채용,/zf_user/jobs/relay/view?view_type=list&rec_idx=53845072
(주)케이티클라우드,[kt cloud] 경력직 인재Pool,/zf_user/jobs/relay/view?view_type=list&rec_idx=53844609
(주)머큐리,(주)머큐리에서 드론 개발자 경력사원 채용,/zf_user/jobs/relay/view?view_type=list&rec_idx=53843748
(유)유엔에스테크,소프트웨어 개발자 인재 채용,/zf_user/jobs/relay/view?view_type=list&rec_idx=53843693
레드앤(주),"앱개발, 마케팅, UI/UX디자이너 모집",/zf_user/jobs/relay/view?view_type=list&rec_idx=53843097
(주)유니유니,(주)유니유니 프론트엔드 개발자 모집,/zf_user/jobs/relay/view?view_type=list&rec_idx=53842038
아티움그룹(주),AI 음악 스타트업 Muzig 풀스택 개발자 크루 채용,/zf_user/jobs/relay/view?view_type=list&rec_idx=53840155
(주)위펀,[위펀] AI Native QA Engineer,/zf_user/jobs/relay/view?view_type=list&rec_idx=53820716
(주)코자,[스탠드오일] AX팀 풀스택 개발자 Junior,/zf_user/jobs/relay/view?view_type=list&rec_idx=53835459
(주)지앤티솔루션,"주니어 웹 개발자 모집 (신입 ~ 2년차, Spring Framework)",/zf_user/jobs/relay/view?view_type=list&rec_idx=53820892
아미스테크놀로지,2026년 아미스테크놀로지 응용프로그램 개발 채용 공고,/zf_user/jobs/relay/view?view_type=list&rec_idx=53831572
팀스파르타(주),"[대규모모집 / 재택근무] 2026 AI 자동화 튜터 (n8n, Workato)",/zf_user/jobs/relay/view?view_type=list&rec_idx=53633569
(주)오프리메드,2026년 (주)오프리메드 백엔드 개발자 공개채용,/zf_user/jobs/relay/view?view_type=list&rec_idx=53822772
(주)오프리메드,2026년 (주)오프리메드 UI/UX웹디자이너 공개채용,/zf_user/jobs/relay/view?view_type=list&rec_idx=53822765
(주)오프리메드,2026년 (주)오프리메드 AI개발자 공개채용,/zf_user/jobs/relay/view?view_type=list&rec_idx=53822733
주식회사네온포켓,[경력] 프론트엔드 개발자 모집,/zf_user/jobs/relay/view?view_type=list&rec_idx=53821534
에이아이콴텍 주식회사,[AI콴텍] 로보어드바이저 IRP 시스템 개발 및 운영,/zf_user/jobs/relay/view?view_type=list&rec_idx=53820293
모아플래닛,[재택근무] PHP 개발자 모집,/zf_user/jobs/relay/view?view_type=list&rec_idx=53817767
로와이드 주식회사,로와이드 주식회사에서 AI & 풀스택 주니어 개발자 모셔요,/zf_user/jobs/relay/view?view_type=list&rec_idx=53816380
팀스파르타(주),[재택근무] 튜터 대규모 모집(UXUI/풀스택/프로덕트엔지니어링),/zf_user/jobs/relay/view?view_type=list&rec_idx=53814413
(주)다온더케어,(주)다온더케어에서 풀스택 개발자를 채용해요,/zf_user/jobs/relay/view?view_type=list&rec_idx=53810054
(주)마크클라우드,마크클라우드 솔루션 백엔드 개발자 채용 (신입/경력),/zf_user/jobs/relay/view?view_type=list&rec_idx=53809649
(주)아크로퓨처,2026년 IT개발부문 경력 직원 채용,/zf_user/jobs/relay/view?view_type=list&rec_idx=53806559
(주)브랜빕,SaaS 제품 개발자 (Backend / Fullstack),/zf_user/jobs/relay/view?view_type=list&rec_idx=53805220
(주)아우라네트웍,콜센터/컨택센터 솔루션 개발자 모집 - IVR,/zf_user/jobs/relay/view?view_type=list&rec_idx=53802541
제스트(주),[AX본부] AI native Builder 개발자 모집,/zf_user/jobs/relay/view?view_type=list&rec_idx=53800120
비엠에스인터렉션(주),[온라인마케팅/영업관리]부분별채용,/zf_user/jobs/relay/view?view_type=list&rec_idx=53796144
(주)바능,[ 프리랜서-고급/중급 ] React AA / 공통 컴포넌트 설계 / 개발,/zf_user/jobs/relay/view?view_type=list&rec_idx=53791260
(주)리걸오토,콘텐츠 기획 디자이너 및 IT전문 마케터,/zf_user/jobs/relay/view?view_type=list&rec_idx=53790073
엔에스원소프트(주),[프리랜서] 통합상황판(관제시스템/대시보드) 개발경력자/PL급,/zf_user/jobs/relay/view?view_type=list&rec_idx=53789989
가이랩(주),가이랩(주) 프론트 개발자 모집,/zf_user/jobs/relay/view?view_type=list&rec_idx=53789117
(주)뷰티올,[병원 관련] 프론트엔드 개발자 경력직 채용,/zf_user/jobs/relay/view?view_type=list&rec_idx=53788384
(주)에코누리시스템,"[대전] 공공기관 시스템 운영 및 개발 모집(신입, 경력)",/zf_user/jobs/relay/view?view_type=list&rec_idx=53787148
(주)일신비츠온,각 부문 신입/경력사원 공개채용,/zf_user/jobs/relay/view?view_type=list&rec_idx=53697238
머슬코리아(MuscleKorea),백엔드 개발자 채용 - 미국 보디빌딩 보충제 직구 머슬코리아,/zf_user/jobs/relay/view?view_type=list&rec_idx=53782900
(주)더에이치엠더블유,웹디자이너 채용합니다.,/zf_user/jobs/relay/view?view_type=list&rec_idx=53580242
(주)파인원커뮤니케이션즈,[파인원커뮤니케이션즈]Back-end 경력 개발자 채용,/zf_user/jobs/relay/view?view_type=list&rec_idx=53774449
(주)헤론헬스정보시스템,"병원정보시스템 개발(C#, .Net, WPF) 경력사원",/zf_user/jobs/relay/view?view_type=list&rec_idx=53771014
(주)모비소프트,[주4.5일근무] 백엔드 개발자,/zf_user/jobs/relay/view?view_type=list&rec_idx=53758926
(주)힐스로보틱스,[로봇 자율주행 및 제어 SW 엔지니어] 채용공고,/zf_user/jobs/relay/view?view_type=list&rec_idx=53762141
(주)아스토나파트너스,[채용 공고] 백엔드 개발자(Java / Kotlin / Spring Boot),/zf_user/jobs/relay/view?view_type=list&rec_idx=53760998
클릭씨앤에스(주),AI 솔루션 앱 경력 개발자 채용,/zf_user/jobs/relay/view?view_type=list&rec_idx=53760325
(주)세중,IT 시스템 개발 경력 채용(2명),/zf_user/jobs/relay/view?view_type=list&rec_idx=53758634
(주)나인소프트,웹 개발자 (프론트엔드/백엔드) 5년 이상 (세종),/zf_user/jobs/relay/view?view_type=list&rec_idx=53721064
(주)사이버다임,DCS개발본부 (프로젝트 관리/리더) (경력) 모집,/zf_user/jobs/relay/view?view_type=list&rec_idx=53751024
(주)카라멜라,나주혁신도시 공공기관 시스템 일상운영 개발자 모집,/zf_user/jobs/relay/view?view_type=list&rec_idx=53750921
(주)미래아이앤티,공공 서비스 시스템 운영 및 유지보수,/zf_user/jobs/relay/view?view_type=list&rec_idx=53750048
(주)아이스크림미디어,백엔드 개발자 모집,/zf_user/jobs/relay/view?view_type=list&rec_idx=53749052
(주)단솔플러스,JAVA 웹 개발 경력(프리랜서) 모집.[수원 영통구 망포역 근처],/zf_user/jobs/relay/view?view_type=list&rec_idx=53747038
(주)오픈링크시스템,WEB/APP 개발 인력 채용,/zf_user/jobs/relay/view?view_type=list&rec_idx=53737950
(주)나인소프트,시스템 개발자 (프론트엔드/백엔드) PL/PM 구인 (세종),/zf_user/jobs/relay/view?view_type=list&rec_idx=53732574
(주)유니스소프트,시스템 연구개발 및 웹 / 응용 SW 개발,/zf_user/jobs/relay/view?view_type=list&rec_idx=53732321
(주)유니스소프트,[경력]시스템 연구개발 및 웹 / 응용 SW 개발,/zf_user/jobs/relay/view?view_type=list&rec_idx=53732227
(주)제이에스티나,[제이에스티나] 커머스 기획/PM 모집,/zf_user/jobs/relay/view?view_type=list&rec_idx=53732141
(주)뮤자인,웹에이전시 (주)뮤자인 웹퍼블리셔/프론트개발자 채용(1년이상),/zf_user/jobs/relay/view?view_type=list&rec_idx=53731156
플랜에이,2026년 웹기획·디자인·개발 각 분야별 채용,/zf_user/jobs/relay/view?view_type=list&rec_idx=53698384
생각하는집(thinkHOW's),생각하는집(thinkHOW's)에서 AI Builder·AI 네이티브 개발자 찾고 있어요,/zf_user/jobs/relay/view?view_type=list&rec_idx=53721752
특허법률사무소 진정,특허법률사무소 진정 풀스택 개발자 모집,/zf_user/jobs/relay/view?view_type=list&rec_idx=53723856
주식회사엠에이치앤티(MH&T),주식회사엠에이치앤티(MH&T)에서 풀스택 개발자(React/Spring)로 함께해요,/zf_user/jobs/relay/view?view_type=list&rec_idx=53721345
(주)테이슨,백엔드 개발자 채용(경력),/zf_user/jobs/relay/view?view_type=list&rec_idx=53719578
(주)다날핀테크,[다날핀테크] 백엔드 경력사원(5년 이상/팀장급) 채용,/zf_user/jobs/relay/view?view_type=list&rec_idx=53716150
(주)다날핀테크,[다날핀테크] 백엔드 경력사원(2-7년차) 채용,/zf_user/jobs/relay/view?view_type=list&rec_idx=53716025
알바트로스픽쳐스(주),[알바트로스픽쳐스] AI 웹 빌더 채용,/zf_user/jobs/relay/view?view_type=list&rec_idx=53709567
주식회사에이젠텀,[Aigentum] 반도체/제조 설비 엔지니어(개발자),/zf_user/jobs/relay/view?view_type=list&rec_idx=53681899
(주)브레인벤쳐스,백엔드 개발자(Backend Engineer),/zf_user/jobs/relay/view?view_type=list&rec_idx=53706466
엔아이티에스,SAP HR개발자 모집,/zf_user/jobs/relay/view?view_type=list&rec_idx=53697484
에이원정보기술(주),AI Smart Factory 초급 개발자 구인,/zf_user/jobs/relay/view?view_type=list&rec_idx=53701588
주식회사 디플라이어,주식회사 디플라이어에서 풀스택 개발자(트레이딩·거래소)를 찾고 있어요,/zf_user/jobs/relay/view?view_type=list&rec_idx=53700915
(주)클로비스,2026년 클로비스 Salesforce 개발 경력직 모집,/zf_user/jobs/relay/view?view_type=list&rec_idx=53699600
(주)씨엔씨네트웍스,[정규직] 2026년 정규직 채용 공고 Vue.js/react/ 대리급 이상,/zf_user/jobs/relay/view?view_type=list&rec_idx=53696631
(주)퍼스트씨앤디,IoT 서비스 플랫폼 개발자 (실무경력 2년이상),/zf_user/jobs/relay/view?view_type=list&rec_idx=53696236
(주)큐부스,자사 AIOps 솔루션 개발자 모집,/zf_user/jobs/relay/view?view_type=list&rec_idx=53695368
(주)에이블정보,웹/어플리케이션개발 C#/C++/ASP.NET/MSSQL 팀장급 경력직 모집,/zf_user/jobs/relay/view?view_type=list&rec_idx=53689426
(주)에이블정보,솔루션 운영 및 유지보수 개발자 모집(C#/ASP.NET/MSSQL),/zf_user/jobs/relay/view?view_type=list&rec_idx=53689419
(주)두잇파이브,HTML5 게임 서비스 - 백엔드 개발자 모집 공고(PHP),/zf_user/jobs/relay/view?view_type=list&rec_idx=53687800
(주)코브원,Java 개발자 정직원/프리랜서 모집,/zf_user/jobs/relay/view?view_type=list&rec_idx=53687624
(주)멀틱스,웹응용SW개발자 경력직 모집,/zf_user/jobs/relay/view?view_type=list&rec_idx=53674368
시너지에이아이(주),디지털 헬스케어 선도기업 전직군 채용 상시 모집,/zf_user/jobs/relay/view?view_type=list&rec_idx=53645682
웨이븐(WAVEN),웹프로그램(PHP) 백엔드 개발자 모집(신입 or 경력必),/zf_user/jobs/relay/view?view_type=list&rec_idx=53668600
(주)모스티소프트,(주)모스티소프트 AI 엔지니어 채용,/zf_user/jobs/relay/view?view_type=list&rec_idx=53668204
(주)엘핀,AI 어플리케이션 개발자 모집,/zf_user/jobs/relay/view?view_type=list&rec_idx=53667768
쓰리알이노베이션(주),"[대전,서울 - 경력 3년이상] 프론트엔드 / 풀스택 개발자 채용",/zf_user/jobs/relay/view?view_type=list&rec_idx=53616698
슈어테크 주식회사,백엔드 개발자 모집(주니어급),/zf_user/jobs/relay/view?view_type=list&rec_idx=53633704
(주)비엔티,"웹, 모바일 앱 개발 및 유지보수",/zf_user/jobs/relay/view?view_type=list&rec_idx=53655893
가이랩(주),가이랩(주) 백엔드개발자 모집,/zf_user/jobs/relay/view?view_type=list&rec_idx=53653948
(주)미리디,[미리캔버스] 프론트엔드 개발자 (웹&에디터),/zf_user/jobs/relay/view?view_type=list&rec_idx=53622151
(주)빌드업코리아,스포츠 인텔리전스 운영시스템(SIOS) 및 AI Manager 고도화 총괄,/zf_user/jobs/relay/view?view_type=list&rec_idx=53650517
(주)딥노이드,[DEEPNOID] Application Developer (Medical AI),/zf_user/jobs/relay/view?view_type=list&rec_idx=53505046
엘바(ELBA),"엘바(ELBA) FE, BE 개발자 채용",/zf_user/jobs/relay/view?view_type=list&rec_idx=53649656
(주)제이엔디,[주식회사 제이엔디] 연구소 책임연구원급 모집합니다.,/zf_user/jobs/relay/view?view_type=list&rec_idx=53648400
주식회사이네이블러,주식회사이네이블러 C# 시스템 개발자 경력 채용 공고,/zf_user/jobs/relay/view?view_type=list&rec_idx=53645751
에스(S)학원,[반포 에스학원] 학원 포털 유지/보수 파트타임 개발자 모집,/zf_user/jobs/relay/view?view_type=list&rec_idx=53638195
일루넥스,(주)일루넥스 웹 프로그래머(백엔드) 경력 채용,/zf_user/jobs/relay/view?view_type=list&rec_idx=53636808
(주)젠티크엑스,[펫 AI 스타트업] 모바일 APP 개발자 채용,/zf_user/jobs/relay/view?view_type=list&rec_idx=53632271
(주)젠티크엑스,[펫 AI 스타트업] AI 비전인식 개발 팀장 채용,/zf_user/jobs/relay/view?view_type=list&rec_idx=53632217
(주)이니노스,[이니노스] Foward Deployed Engineer (3년이상) 정규직 모집,/zf_user/jobs/relay/view?view_type=list&rec_idx=53625190
(주)퓨처헬스코퍼레이션,SaaS 프론트엔드 정규직 구인,/zf_user/jobs/relay/view?view_type=list&rec_idx=53614080
(주)인크로스,[SK그룹-인크로스] Front-end개발 경력직 채용,/zf_user/jobs/relay/view?view_type=list&rec_idx=53623120
(주)라인정보통신,"나주혁신도시 [한전 KDN] 웹 개발자 모집[SM,SI]",/zf_user/jobs/relay/view?view_type=list&rec_idx=53622672
(주)에스앤케이인스티튜트,"신제품개발 경력개발자(JAVA, C)",/zf_user/jobs/relay/view?view_type=list&rec_idx=53621901
(주)티로보틱스,(주)티로보틱스 스마트 팩토리 & 물류 로봇 비젼 개발자 채용,/zf_user/jobs/relay/view?view_type=list&rec_idx=53618202
한울(주),2026년 S/W 개발자 모집,/zf_user/jobs/relay/view?view_type=list&rec_idx=53617750
(주)미래아이앤텍,[SECO 미래아이앤텍] MES 시스템 개발 및 운영 인원 모집,/zf_user/jobs/relay/view?view_type=list&rec_idx=53610533
(주)케이사인,"(주)케이사인 본사 연구소 C,C++개발자 채용모집",/zf_user/jobs/relay/view?view_type=list&rec_idx=53609338
(주)케이사인,(주)케이사인 본사 연구소 JAVA 개발 신입/경력 채용,/zf_user/jobs/relay/view?view_type=list&rec_idx=53609269
(주)재미스튜디오,(주)재미스튜디오 AI 엔지니어 채용 공고,/zf_user/jobs/relay/view?view_type=list&rec_idx=53607019
"INTERLINE Co., Ltd.","일본 요코하마,후쿠오카 근무자 모집/ 임베디드 엔지니어(정규직",/zf_user/jobs/relay/view?view_type=list&rec_idx=53606164
"INTERLINE Co., Ltd.",일본 도쿄 IT엔지니어 모집합니다. (당사 정규직),/zf_user/jobs/relay/view?view_type=list&rec_idx=53606070
㈜지투시스넷,[경력] ERP 시스템 개발자 정규직 채용,/zf_user/jobs/relay/view?view_type=list&rec_idx=53603380
(주)퍼플페퍼,[퍼플페퍼] 기술본부 채용 공고,/zf_user/jobs/relay/view?view_type=list&rec_idx=53582613
에덴에이드(주),AI 활용 담당자 채용(웹앱개발 및 마케팅),/zf_user/jobs/relay/view?view_type=list&rec_idx=53600179
(주)포씨게이트,병원용 AI Smart Desk 서비스 백엔드/풀스택 경력개발자 채용,/zf_user/jobs/relay/view?view_type=list&rec_idx=53591948
(주)케이대응로봇,주식회사 케이대응로봇 2026년 수시채용 공고,/zf_user/jobs/relay/view?view_type=list&rec_idx=53590627
(주)동아지질,[동아지질] ] ERP · AI 개발자 채용,/zf_user/jobs/relay/view?view_type=list&rec_idx=53582254
스트라토,백엔드 개발자 경력 채용,/zf_user/jobs/relay/view?view_type=list&rec_idx=53578867
(주)골프에비뉴코리아,웹.앱 프로그램 개발 및 디자이너 모집합니다,/zf_user/jobs/relay/view?view_type=list&rec_idx=53578479
(주) 케인앤클루컨설팅,인사시스템 개발 경력사원 모집,/zf_user/jobs/relay/view?view_type=list&rec_idx=54092607
(주)시니어앤파트너즈,[문래역] 웹개발자 풀스택(1년-3년),/zf_user/jobs/relay/view?view_type=list&rec_idx=54085117
주식회사위트소프트,[(주) 위트소프트] 소프트웨어 개발 (C#/웹개발) 기업부설연구소 신입 및 경력 정규직 채용,/zf_user/jobs/relay/view?view_type=list&rec_idx=53992690
주식회사 창의와날개,프로그램개발자 / 경력자 모집,/zf_user/jobs/relay/view?view_type=list&rec_idx=53962181
(주)러닝뱅크,[(주)러닝뱅크] 웹프로그래머 경력자 채용,/zf_user/jobs/relay/view?view_type=list&rec_idx=53914928
강한솔루션,웹개발자 Ai 기반 MES 스마트공장 솔루션 개발,/zf_user/jobs/relay/view?view_type=list&rec_idx=53725483
주식회사 커넥비 (connectB Inc.),[핀테크 스타트업] AI 플랫폼 SAVR 개발자 채용 (신입·경력),/zf_user/jobs/relay/view?view_type=list&rec_idx=54052749
티엠에스솔루션,프론트엔드 개발자 겸 마케팅 담당 채용,/zf_user/jobs/relay/view?view_type=list&rec_idx=54114380
(주) 지에이치 이노텍,[기술개발연구소] 모바일 앱 및 웹 개발자 구인,/zf_user/jobs/relay/view?view_type=list&rec_idx=54113110
(주)사람인에이치에스,[전환가능성有/신입가능/커리어개발] 다우기술 IT기술지원 채용,/zf_user/jobs/relay/view?view_type=list&rec_idx=54015773
제이와이컴퍼니 아이비에듀,IBEDU 교육 플랫폼 어드민/어플리케이션 개발/관리 개발자 채용,/zf_user/jobs/relay/view?view_type=list&rec_idx=54015337
(주)투비파트너즈,헤드헌터 초빙(전자/전기/자동차/에너지/바이오/식품/유통/IT),/zf_user/jobs/relay/view?view_type=list&rec_idx=54106257
(주)핀커스코리아,HR 인사시스템 분석/설계,/zf_user/jobs/relay/view?view_type=list&rec_idx=54106234
주식회사 비온에이치알,"스타트업 기술지원 담당자(콜센타 프로젝트)(과장급, 차장급)",/zf_user/jobs/relay/view?view_type=list&rec_idx=54075132
주식회사 비온에이치알,Senior Software Engineer & Tech Lead 모집,/zf_user/jobs/relay/view?view_type=list&rec_idx=54075157
베르투솔루션,AI Agent 기업 - FDE(Forward Deployed Engineer) / 대전 근무,/zf_user/jobs/relay/view?view_type=list&rec_idx=54046590
(주)스텝씨,"[항공우주/세종] IT인프라 기획 및 운영 대리,과장급 채용",/zf_user/jobs/relay/view?view_type=list&rec_idx=54104536
(주)HR컨설팅그룹,[코스닥상장 보안솔루션업체] 클라우드보안영업/PM/기술지원 등,/zf_user/jobs/relay/view?view_type=list&rec_idx=54086157
파워에이치알,[중견 IT솔루션] 연계솔루션 기술지원(경력 3년 - 12년),/zf_user/jobs/relay/view?view_type=list&rec_idx=54036714
파워에이치알,[중견 IT솔루션] Java 개발자(경력 5년 - 15년),/zf_user/jobs/relay/view?view_type=list&rec_idx=54036711
파워에이치알,[주요SI업체] 글로벌 코어뱅킹 전문가,/zf_user/jobs/relay/view?view_type=list&rec_idx=53992699
(주)사람인에이치에스,[전환가능성/커리어확장] 다우기술 IT시스템 기술지원 채용,/zf_user/jobs/relay/view?view_type=list&rec_idx=53867500
(주)템피드,[서울/글로벌 업계1위/중견기업]도쿄거래상장기업 개발 경력,/zf_user/jobs/relay/view?view_type=list&rec_idx=53899952
(주)핀커스코리아,"한국우편사업진흥원(나주) 온라인우편 웹 개발 채용[연4,728]",/zf_user/jobs/relay/view?view_type=list&rec_idx=54101300
라인서치,유명 반도체 Audio Engineer (S),/zf_user/jobs/relay/view?view_type=list&rec_idx=54101193
토니서치,[국내유망 SI기업] SI 솔루션 분석/설계/개발 [금융권],/zf_user/jobs/relay/view?view_type=list&rec_idx=54100977
라인서치,유명 반도체 Audio DSP Engineer (S),/zf_user/jobs/relay/view?view_type=list&rec_idx=54100712
에이치알포유(주),[] Global 레이더 회사 [] Web 풀스택 개발,/zf_user/jobs/relay/view?view_type=list&rec_idx=54100632
(주)제이앤씨에이치알,PBX개발 10년이상 경력/CTI솔루션전문중견기업/서울중구,/zf_user/jobs/relay/view?view_type=list&rec_idx=54021364
휴머니아,[분당/정자역] 금융결제원 웹퍼블리셔 채용,/zf_user/jobs/relay/view?view_type=list&rec_idx=54033719
굿커리어,"스타트기업 AI개발(LLM기반 AI Agent 설계) 사원,주임급 구함(굿",/zf_user/jobs/relay/view?view_type=list&rec_idx=53992888
굿커리어,"스타트기업 Databricks 개발 사원,주임급 구함(굿커리어)",/zf_user/jobs/relay/view?view_type=list&rec_idx=53993479
굿커리어,"IT중견기업 DataBase Engineer(MySQL) 대리,과장급 구함(굿커리",/zf_user/jobs/relay/view?view_type=list&rec_idx=54079706
굿커리어,"의료기스타트업 DevOps 개발 주임,대리,과장초급 구함(굿커리어)",/zf_user/jobs/relay/view?view_type=list&rec_idx=54100113
에이치알포유(주),[] 외국계 보험사 [] AI 딥러닝 및 머신러닝 전문가,/zf_user/jobs/relay/view?view_type=list&rec_idx=54099626
제이앤피에이치알컨설팅,(MNCs) 대기업 글로벌 APP 운영 - 퍼블리셔 및 QA (Publish/QA),/zf_user/jobs/relay/view?view_type=list&rec_idx=54099481
(주)라온서치,모바일 App 서비스 운영 경력자 채용(소비재 제조기업/대리과장),/zf_user/jobs/relay/view?view_type=list&rec_idx=54098291
에이치알포유(주),[코스닥 상장 자동차 부품 중견기업] 제조업 IT시스템 개발,/zf_user/jobs/relay/view?view_type=list&rec_idx=54097777
에이치알포유(주),[코스피 상장 IT서비스 중견기업] 증권사 HTS 개발/운영(5~10년),/zf_user/jobs/relay/view?view_type=list&rec_idx=54097606
에이치알포유(주),[코스피 상장 IT서비스 중견기업] 증권사 웹/WTS 개발 (5~12년),/zf_user/jobs/relay/view?view_type=list&rec_idx=54097563
주식회사 에스앤씨시스템,소프트웨어 개발 정규직 모집,/zf_user/jobs/relay/view?view_type=list&rec_idx=54095459
한국과학기술원,KAIST 기간제 근로자 모집 공고 [전기및전자공학부 시간제위촉연구원],/zf_user/jobs/relay/view?view_type=list&rec_idx=54095081
토니서치,[국내SI기업] 빅데이터 플랫폼 개발 경력직,/zf_user/jobs/relay/view?view_type=list&rec_idx=54094303
주식회사 단비아이엔씨(danbee Inc.),[채용-상시] 인공지능 전문기업 단비아이엔씨에서 개발자를 모집합니다. (경력5년이상~10년이하),/zf_user/jobs/relay/view?view_type=list&rec_idx=54093636
(주)아이스크림에듀,[아이스크림에듀] AI전략사업본부 하반기 통합 채용,/zf_user/jobs/relay/view?view_type=list&rec_idx=54056125
(주)모스원,"전산개발, 유지보수 - 업계1위 제조전문사",/zf_user/jobs/relay/view?view_type=list&rec_idx=54092933
(주)인코리아 프로페셔널(In Korea Professional),[엔터 대기업] CTO STAFF,/zf_user/jobs/relay/view?view_type=list&rec_idx=54091103
(주)인코리아 프로페셔널(In Korea Professional),[엔터대기업] IT LAB Team Leader,/zf_user/jobs/relay/view?view_type=list&rec_idx=54091093
헌터파트너스(주),웹 개발자 채용 - Global HR consulting,/zf_user/jobs/relay/view?view_type=list&rec_idx=54089066
피플앤피플,[생성형AI사/로우코드사] 공공사업 개발자 (PM1 팀원3),/zf_user/jobs/relay/view?view_type=list&rec_idx=54086236
주식회사유니파이시스템즈,생산관리(MES/POP)시스템 개발자 경력자 모집합니다.,/zf_user/jobs/relay/view?view_type=list&rec_idx=54083379
위킵센(wekeepsend),"개발 연구원 모집(유연근무, 재택근무 가능)_ [위킵센] AI 수출 플랫폼",/zf_user/jobs/relay/view?view_type=list&rec_idx=54081843
(주)삼백육십오,4년차 이상 백엔드 풀스택 개발자를 채용합니다.,/zf_user/jobs/relay/view?view_type=list&rec_idx=54081461
주식회사 개발공작실,개발공작실에서 프론트엔드 및 백엔드 개발자를 찾습니다.,/zf_user/jobs/relay/view?view_type=list&rec_idx=54081140
(주)바인컨설팅,코스닥상장 전자부품제조사 SAP ERP구축.운영 경력직(6-12년),/zf_user/jobs/relay/view?view_type=list&rec_idx=54080930
(주)사람인에이치에스,[대기업/유연근무/워라밸] 한화그룹 AI데이터라벨링 담당자 채용,/zf_user/jobs/relay/view?view_type=list&rec_idx=54079892
코리아써치,이커머스 공식몰을 설계하는 데이터 기반 개발자,/zf_user/jobs/relay/view?view_type=list&rec_idx=54077989
스탭스(주),[송도]제조/IT 중견기업 DX팀 프로그램 개발자,/zf_user/jobs/relay/view?view_type=list&rec_idx=54075605
(주)사람인에이치에스,[강남] 의료IT솔루션 아키텍처 설계 경력 채용(5년 이상),/zf_user/jobs/relay/view?view_type=list&rec_idx=54074991
주) 석세스코리아컨설팅,[제조사] 신사업본부 M 개발팀(제어파트 S/W 엔지니어),/zf_user/jobs/relay/view?view_type=list&rec_idx=54074728
(주)제이앤씨에이치알,각 전문분야별 헤드헌터(신입/경력) 초빙 (강남역 대형서치펌)-B,/zf_user/jobs/relay/view?view_type=list&rec_idx=54068488
(주)마이나비코리아,[일본계 한국법인]글로벌금형업계 EC마케팅 개발자 K1667,/zf_user/jobs/relay/view?view_type=list&rec_idx=54073155
(주)비에이블컨설팅그룹,[그룹웨어전문기업] 개발팀장,/zf_user/jobs/relay/view?view_type=list&rec_idx=54072102
(주)사람인에이치에스,[충정로역/중견기업] IT헬프데스크 담당자 채용,/zf_user/jobs/relay/view?view_type=list&rec_idx=54049606
에버브레인컨설팅(주),[통합 관제 시스템(IT)/판교]AMR 관제 시스템(ZeroTouch) 신입or,/zf_user/jobs/relay/view?view_type=list&rec_idx=54069605
에버브레인컨설팅(주),[통합 관제 시스템(IT)/판교] AGV 관제 시스템(신입or2년이상),/zf_user/jobs/relay/view?view_type=list&rec_idx=54069412
에이치알포유(주),"[현대1차 부품기업, 인천 ]MES 개발 및 운영",/zf_user/jobs/relay/view?view_type=list&rec_idx=54069276
에이피써치,[외국계소비재]Automation Developer (직계약직),/zf_user/jobs/relay/view?view_type=list&rec_idx=54068660
주식회사대단,"<웹사이트 개발 및 유지보수, 프로젝트 관리 업무 개발자 채용>",/zf_user/jobs/relay/view?view_type=list&rec_idx=54066910
주식회사범아테크놀로지,"MFC, C#, C++ 응용SW 개발자",/zf_user/jobs/relay/view?view_type=list&rec_idx=54066804
주식회사 피디엠,응용 소프트웨어 개발자를 모집합니다.,/zf_user/jobs/relay/view?view_type=list&rec_idx=54065793
（주）네스터원,C# 개발자 또는 C++ 개발자 채용합니다,/zf_user/jobs/relay/view?view_type=list&rec_idx=54063917
(주)커리어앤스카우트,Data Platform Engineer 외국계 해운IT기업 경력직 채용,/zf_user/jobs/relay/view?view_type=list&rec_idx=54063576
(주)아데코코리아,[대전/숙소지원]AI기업 Forward Deployed Engineer (자체계약직),/zf_user/jobs/relay/view?view_type=list&rec_idx=54062330
㈜그린맨파워,"[판교/카카오 계열사] 플랫폼(웹,앱) QA 대규모 채용",/zf_user/jobs/relay/view?view_type=list&rec_idx=53959057
(주)프로써치코리아,금융 플랫폼 거래소 PO(Product Owner) 채용,/zf_user/jobs/relay/view?view_type=list&rec_idx=54059380
(주)엠에스엘,웹서버 관리자 정규직 채용,/zf_user/jobs/relay/view?view_type=list&rec_idx=53837646
주식회사 디엑스에이블,소프트웨어 개발 및 시스템운영,/zf_user/jobs/relay/view?view_type=list&rec_idx=54051883
전북대학교병원,"[전북대학교병원] 전산 한시 계약직 채용 공고 ( 병원업무용 프로그램 개발, 유지관리 )",/zf_user/jobs/relay/view?view_type=list&rec_idx=54051689
주식회사 선진기술,"AMR로봇 센서 융합, 자율주행 프로그램 개발자",/zf_user/jobs/relay/view?view_type=list&rec_idx=54050466
(주)주합,주식회사 주합 웹 개발자 채용[장애인 채용 및 일반 채용],/zf_user/jobs/relay/view?view_type=list&rec_idx=54048606
피플뱅크코리아(주),[마포] 공간정보 AI 기술기업 풀스택 개발자(PL),/zf_user/jobs/relay/view?view_type=list&rec_idx=54047094
(주)엔엠에스컨설팅,공식몰 개발자(파격 처우-주임/대리: K 뷰티사),/zf_user/jobs/relay/view?view_type=list&rec_idx=54044478
리쿠르트퍼스트코리아,[외국계 영상 보안 솔루션 기업] Frontend Junior Engineer 채용,/zf_user/jobs/relay/view?view_type=list&rec_idx=54042983
리쿠르트퍼스트코리아,[외국계 영상 보안 솔루션 기업] Frontend Senior Engineer 채용,/zf_user/jobs/relay/view?view_type=list&rec_idx=54042944
아이비커리어(주),"[충정로/중견] 풍산홀딩스 OA유지보수 담당자 채용(PC,IT,통신)",/zf_user/jobs/relay/view?view_type=list&rec_idx=54040907
커리어커넥트(주),대형저축은행 IT개발팀원 (금융권 여신업무 JAVA 개발자),/zf_user/jobs/relay/view?view_type=list&rec_idx=54036519
토니서치,[국내SI기업] LLM기반 개발 경력직,/zf_user/jobs/relay/view?view_type=list&rec_idx=54034845
휴먼리스펙,대기업 그룹사 서비스 기획,/zf_user/jobs/relay/view?view_type=list&rec_idx=54033781
휴먼리스펙,대기업 그룹사 정보보안 (클라우드보안 인력),/zf_user/jobs/relay/view?view_type=list&rec_idx=54033776
나는제주다(주),이커머스 php개발자 모집,/zf_user/jobs/relay/view?view_type=list&rec_idx=53882846
주식회사 비즈플러그,비즈플러그의 새로운 역할을 찾는 열정적인 풀스택 개발자를 원합니다.,/zf_user/jobs/relay/view?view_type=list&rec_idx=54030891
에스케이쉴더스(주),물리보안 시스템 운영/개발 경력직 채용(출산/육아휴직 대체),/zf_user/jobs/relay/view?view_type=list&rec_idx=54029373
주식회사 워크포트,[E-7/F-2 비자 지원] 백엔드 개발자 (Java / Spring),/zf_user/jobs/relay/view?view_type=list&rec_idx=54025671
주식회사 워크포트,[E-7/F-2 비자 지원] 프론트엔드 개발자 (React / TypeScript),/zf_user/jobs/relay/view?view_type=list&rec_idx=54025212
(주)마이나비코리아,[일본 현지 근무] IT솔루션업계 IT 엔지니어(경력자) K145,/zf_user/jobs/relay/view?view_type=list&rec_idx=54025115
(주)피플렙,AI컨텍센터 솔루션 기업 클라우드 컨택센터 구축 PM/PL 채용,/zf_user/jobs/relay/view?view_type=list&rec_idx=54022476
(주)피플렙,모바일 웹 구축 PM/PL 채용,/zf_user/jobs/relay/view?view_type=list&rec_idx=54022424
(주)삼양문화,(주)삼양문화 웹 풀스택 개발자 채용 (진로교육 플랫폼),/zf_user/jobs/relay/view?view_type=list&rec_idx=54014245
주식회사 롭스,유니티 기반 클라이언트 컨텐츠 개발자를 모집합니다.,/zf_user/jobs/relay/view?view_type=list&rec_idx=54007760
크리티컬,웹 앱 개발 프론트엔드 신입/경력 모집,/zf_user/jobs/relay/view?view_type=list&rec_idx=54006018
(주)그노티,(주)그노티 개발자 추가 채용공고(경력),/zf_user/jobs/relay/view?view_type=list&rec_idx=54005091
(주)비비파트너스,바이오 의료기기 회사 CI CD배포 Cloud운영 DevOps 개발자,/zf_user/jobs/relay/view?view_type=list&rec_idx=53999685
주식회사공장서치,PHP/Laravel/MySQL 개발자 모집,/zf_user/jobs/relay/view?view_type=list&rec_idx=53994820
주식회사 디자인빌드아키텍트,웹서비스 개발 및 IT운영 담당 채용,/zf_user/jobs/relay/view?view_type=list&rec_idx=53992201
(주)맨파워그룹코리아,[서울역]외국계 자동차 금융사 'B'사 IT Application Engineer,/zf_user/jobs/relay/view?view_type=list&rec_idx=53929097
(주)인코리아 프로페셔널(In Korea Professional),[대형증권사] 연금 시스템 개발,/zf_user/jobs/relay/view?view_type=list&rec_idx=53987170
씽크제이,[대전] AI센터팀 백엔드 개발 채용,/zf_user/jobs/relay/view?view_type=list&rec_idx=53986478
주식회사 티코어코리아,공공기관 DB관리 시스템 및 홈페이지 개발 및 유지보수를 위한 능력 있는 개발자를 모집합니다.,/zf_user/jobs/relay/view?view_type=list&rec_idx=53972205
에이스휴먼파워(주),[성과급높음/나이스평가정보 본사근무]서비스 데스크 운영,/zf_user/jobs/relay/view?view_type=list&rec_idx=53947445
주식회사 다미,웹 개발자 채용,/zf_user/jobs/relay/view?view_type=list&rec_idx=53961511
(주)사랑모아금융서비스,(주)사랑모아금융서비스 IT팀 경력 사원 채용(백엔드/네트워크),/zf_user/jobs/relay/view?view_type=list&rec_idx=53957212
주식회사 파인인프라,"홈페이지 및 스마트스토어 관리, ups설치보조 구인",/zf_user/jobs/relay/view?view_type=list&rec_idx=53939105
LB유세스(주),컨택센터(IPCC/AICC) 운영 및 IVR·챗봇 시나리오 개발 담당자,/zf_user/jobs/relay/view?view_type=list&rec_idx=53866005
주식회사 인텍씨앤씨,"개발팀 ,설계팀",/zf_user/jobs/relay/view?view_type=list&rec_idx=53938328
한국IT교육원,"자바, 웹 개발 등 다양한 분야를 강의하고 학생들을 지도하는 열정적인 교육 강사를 모집합니다.",/zf_user/jobs/relay/view?view_type=list&rec_idx=53937469
(주)휴머니스트,불가리(BVLGARI)코리아 본사 IT팀 시스템 지원 담당자 채용,/zf_user/jobs/relay/view?view_type=list&rec_idx=53918085
브랜트옥스폰(주),"사내 전산시스템 및 홈페이지 개선, 유지보수 전문가 초빙",/zf_user/jobs/relay/view?view_type=list&rec_idx=53917193
(주)트랜스코스모스코리아,[신입채용/여의도/RPA개발자] 당사 CX개발부 RPA개발자 채용MRd7,/zf_user/jobs/relay/view?view_type=list&rec_idx=53902153
(주)사람인에이치에스,[외국계/제조업] EC 생성형 AI 개발자 채용,/zf_user/jobs/relay/view?view_type=list&rec_idx=53892813
신성도자기,도자기 제조업 B2B 홈페이지 개발 및 운영 전문가를 모집합니다.,/zf_user/jobs/relay/view?view_type=list&rec_idx=53895811
주식회사 퍼포먼스플러스,AI 서비스 개발자 채용,/zf_user/jobs/relay/view?view_type=list&rec_idx=53857127
포인드주식회사,포인드(주) 인공지능·딥러닝 개발자 채용 (신입),/zf_user/jobs/relay/view?view_type=list&rec_idx=53894574
포인드주식회사,포인드(주) 인공지능·딥러닝 개발자 채용 (경력),/zf_user/jobs/relay/view?view_type=list&rec_idx=53894571
(주)사람인에이치에스,[중견기업/외국계/제조/유통업] EC개발자(AI 엔지니어) 채용,/zf_user/jobs/relay/view?view_type=list&rec_idx=53893109
(주)올윈에듀,[올윈에듀] LMS 프론트 개발자 모집 (경력 3년 이상),/zf_user/jobs/relay/view?view_type=list&rec_idx=53891760
주식회사휴렉스(HUREXInc.),"BREXA 2026년 입사 AI, 소프트웨어 설계 엔지니어 / 일어가능자",/zf_user/jobs/relay/view?view_type=list&rec_idx=53889331
에듀컴퍼니,[에듀컴퍼니] 온라인 교육콘텐츠 동영상제작 직원 채용,/zf_user/jobs/relay/view?view_type=list&rec_idx=53654148
조은테크,공장 자동화 소프트웨어 개발 분야에서 전문성을 갖춘 개발자를 모집합니다.,/zf_user/jobs/relay/view?view_type=list&rec_idx=53882166
주식회사 코레이즈홀딩스,파이썬(flask) 웹 개발자 채용,/zf_user/jobs/relay/view?view_type=list&rec_idx=53858043
(주)휴먼엔텍,"웹 기획, 개발 및 운영 전문가를 찾습니다.",/zf_user/jobs/relay/view?view_type=list&rec_idx=53824791
주식회사 더위로,소프트웨어 개발 및 컨설팅 관리직 모집,/zf_user/jobs/relay/view?view_type=list&rec_idx=53855741
주식회사 한국의료협회,외국인환자를 위한 비대면 진료 플랫폼 개발자를 찾습니다.,/zf_user/jobs/relay/view?view_type=list&rec_idx=53855428
(주)바른인사컨설팅,[공학계열전공 신입가능] 네이버계열사 맵핑 디바이스 개발 보조,/zf_user/jobs/relay/view?view_type=list&rec_idx=53844797
(주)다스카손해사정화재해상,[다스카손해사정] 사내 업무시스템 운영 및 개발 지원 담당 채용,/zf_user/jobs/relay/view?view_type=list&rec_idx=53844654
주식회사 시스플랫,[주식회사 시스플랫] JAVA/JSP 초급(3년이상) 또는 중급 웹 개발자 모집합니다.,/zf_user/jobs/relay/view?view_type=list&rec_idx=53836191
(주)티엔글로벌,nexacro 개발자(화면+ 스크립트),/zf_user/jobs/relay/view?view_type=list&rec_idx=53794585
오케이114스마트미디어,"PHP웹프로그래머 채용 [html, php, mysql 가능자]",/zf_user/jobs/relay/view?view_type=list&rec_idx=53765348
네오,웹 개발자 모집,/zf_user/jobs/relay/view?view_type=list&rec_idx=53742470
주식회사한국이러닝교육센터,[한국이러닝교육센터] 고용노동부 원격훈련기관 LMS전산관리 및 유지보수 담당자 모집 공고,/zf_user/jobs/relay/view?view_type=list&rec_idx=53678188
유티즌,웹사이트 제작,/zf_user/jobs/relay/view?view_type=list&rec_idx=53712819
"주식회사더위시(TheWishCo.,Ltd.)",창의적인 아이디어로 공장 자동화를 이끌어갈 소프트웨어 개발자를 모집합니다.,/zf_user/jobs/relay/view?view_type=list&rec_idx=53703958
주식회사 미르,PLC 프로그래머 및 제어 엔지니어 모집,/zf_user/jobs/relay/view?view_type=list&rec_idx=53691994
농업회사법인 한국미곡거래소 주식회사,농업회사법인 한국미곡거래소(주) AI자동화설계 및 서비스개발 담당,/zf_user/jobs/relay/view?view_type=list&rec_idx=53662164
주식회사멘큐,개발관리 사무원 모집,/zf_user/jobs/relay/view?view_type=list&rec_idx=53663355
주식회사디넷(Dnet),"웹 개발 및 파이썬, 라즈베리 파이 응용 개발 전문가를 모집합니다.",/zf_user/jobs/relay/view?view_type=list&rec_idx=53650871
주식회사매그넘빈트,"[매그넘빈트]와 함께 할 프론트앤드 개발자 채용 - React, Vue 가능자",/zf_user/jobs/relay/view?view_type=list&rec_idx=53638786
몬트락 수도권지사,? 채용공고 축산식품전문기업 | 개발자 채용 (정규직),/zf_user/jobs/relay/view?view_type=list&rec_idx=53629035
(주)레아테크,C# 소프트웨어 신입/경력사원 모집,/zf_user/jobs/relay/view?view_type=list&rec_idx=53616059
(주)사람인에이치에스,[중견] 플랫폼 서비스 Tech Lead (MSA/Spring Boot/React),/zf_user/jobs/relay/view?view_type=list&rec_idx=53591881
(주)사람인에이치에스,[중견] 플랫폼 아키텍처 리딩 개발팀장 정규직 채용 (MSA 기반),/zf_user/jobs/relay/view?view_type=list&rec_idx=53589802
